{"logTime": "1005/092513", "level": "INFO", "message": "UserPrefStore loaded: error=NO_FILE (6)"}
{"logTime": "1005/092513", "level": "INFO", "message": "Preference changed: name=edge_vpn.enabled_globally, new_value=true, source=unknown"}
{"logTime": "1005/092513", "level": "INFO", "message": "Preference changed: name=edge_vpn.available, new_value=true, source=unknown"}
{"logTime": "1005/092513", "level": "INFO", "message": "Preference changed: name=profile_network_context_service.http_cache_finch_experiment_groups, new_value=\"None None None None\", source=unknown"}
{"logTime": "1005/092513", "level": "INFO", "message": "Preference changed: name=enterprise_profile_guid, new_value=\"b7c4345e-ee8d-427b-922a-f99400846d36\", source=unknown"}
{"logTime": "1005/092513", "level": "INFO", "message": "Preference changed: name=extensions.last_chrome_version, new_value=\"154.0.4258.53\", source=unknown"}
{"logTime": "1005/092513", "level": "INFO", "message": "Preference changed: name=gaia_cookie.periodic_report_time_2, new_value=\"13435665913068033\", source=unknown"}
{"logTime": "1005/092513", "level": "INFO", "message": "Preference changed: name=optimization_guide.previously_registered_optimization_types, new_value=[object], source=unknown"}
{"logTime": "1005/092513", "level": "INFO", "message": "Preference changed: name=user_experience_metrics.personalization_data_consent_enabled_last_known_value, new_value=false, source=unknown"}
{"logTime": "1005/092513", "level": "INFO", "message": "Preference changed: name=profile.background_password_check, new_value=[object], source=unknown"}
{"logTime": "1005/092513", "level": "INFO", "message": "Preference changed: name=countryid_at_install, new_value=18766, source=unknown"}
{"logTime": "1005/092513", "level": "INFO", "message": "Preference changed: name=reset_prepopulated_engines, new_value=false, source=unknown"}
{"logTime": "1005/092513", "level": "INFO", "message": "Preference changed: name=extensions.chrome_url_overrides, new_value=[object], source=unknown"}
{"logTime": "1005/092513", "level": "INFO", "message": "Preference changed: name=browser.recent_theme_color_list, new_value=[object], source=unknown"}
{"logTime": "1005/092513", "level": "INFO", "message": "Preference changed: name=browser.color_theme_user_on_first_check, new_value=false, source=unknown"}
{"logTime": "1005/092513", "level": "INFO", "message": "Preference changed: name=sessions.session_data_status, new_value=1, source=unknown"}
{"logTime": "1005/092513", "level": "INFO", "message": "Preference changed: name=sessions.event_log, new_value=[object], source=unknown"}
{"logTime": "1005/092513", "level": "INFO", "message": "Preference changed: name=optimization_guide.previously_registered_optimization_types, new_value=[object], source=unknown"}
{"logTime": "1005/092513", "level": "INFO", "message": "Preference changed: name=optimization_guide.previously_registered_optimization_types, new_value=[object], source=unknown"}
{"logTime": "1005/092513", "level": "INFO", "message": "Preference changed: name=optimization_guide.previously_registered_optimization_types, new_value=[object], source=unknown"}
{"logTime": "1005/092513", "level": "INFO", "message": "Preference changed: name=saved_tab_groups.did_enable_shared_tab_groups_in_last_session, new_value=false, source=unknown"}
{"logTime": "1005/092513", "level": "INFO", "message": "Preference changed: name=optimization_guide.previously_registered_optimization_types, new_value=[object], source=unknown"}
{"logTime": "1005/092513", "level": "INFO", "message": "Preference changed: name=optimization_guide.previously_registered_optimization_types, new_value=[object], source=unknown"}
{"logTime": "1005/092513", "level": "INFO", "message": "Preference changed: name=safety_hub.unused_site_permissions_revocation.migration_completed, new_value=true, source=unknown"}
{"logTime": "1005/092513", "level": "INFO", "message": "Preference changed: name=profile.created_by_version, new_value=\"154.0.4258.53\", source=unknown"}
{"logTime": "1005/092513", "level": "INFO", "message": "Preference changed: name=profile.creation_time, new_value=\"13435665913010131\", source=unknown"}
{"logTime": "1005/092513", "level": "INFO", "message": "Preference changed: name=profile.edge_profile_id, new_value=\"e36fdc33-b9e2-4f34-8c3a-456c50e1bb9c\", source=unknown"}
{"logTime": "1005/092513", "level": "INFO", "message": "Preference changed: name=edge_ux_config.assignmentcontext, new_value=\"\", source=unknown"}
{"logTime": "1005/092513", "level": "INFO", "message": "Preference changed: name=edge_ux_config.dataversion, new_value=\"0\", source=unknown"}
{"logTime": "1005/092513", "level": "INFO", "message": "Preference changed: name=edge_ux_config.experimentvariables, new_value=[object], source=unknown"}
{"logTime": "1005/092513", "level": "INFO", "message": "Preference changed: name=browser.user_level_features_context, new_value=[object], source=unknown"}
{"logTime": "1005/092513", "level": "INFO", "message": "Preference changed: name=edge_ux_config.flights, new_value=[object], source=unknown"}
{"logTime": "1005/092513", "level": "INFO", "message": "Preference changed: name=profile.network_pbs, new_value=[object], source=unknown"}
{"logTime": "1005/092513", "level": "INFO", "message": "Preference changed: name=extensions.alerts.initialized, new_value=true, source=unknown"}
{"logTime": "1005/092513", "level": "INFO", "message": "Preference changed: name=extensions.pdf_upsell_triggered, new_value=false, source=unknown"}
{"logTime": "1005/092513", "level": "INFO", "message": "Preference changed: name=extensions.settings, new_value=[object], source=unknown"}
{"logTime": "1005/092513", "level": "INFO", "message": "Preference changed: name=extensions.settings, new_value=[object], source=unknown"}
{"logTime": "1005/092513", "level": "INFO", "message": "Preference changed: name=extensions.settings, new_value=[object], source=unknown"}
{"logTime": "1005/092513", "level": "INFO", "message": "Preference changed: name=extensions.settings, new_value=[object], source=unknown"}
{"logTime": "1005/092513", "level": "INFO", "message": "Preference changed: name=extensions.settings, new_value=[object], source=unknown"}
{"logTime": "1005/092513", "level": "INFO", "message": "Preference changed: name=extensions.settings, new_value=[object], source=unknown"}
{"logTime": "1005/092513", "level": "INFO", "message": "Preference changed: name=extensions.settings, new_value=[object], source=unknown"}
{"logTime": "1005/092513", "level": "INFO", "message": "Preference changed: name=extensions.settings, new_value=[object], source=unknown"}
{"logTime": "1005/092513", "level": "INFO", "message": "Preference changed: name=extensions.settings, new_value=[object], source=unknown"}
{"logTime": "1005/092513", "level": "INFO", "message": "Preference changed: name=extensions.settings, new_value=[object], source=unknown"}
{"logTime": "1005/092513", "level": "INFO", "message": "Preference changed: name=extensions.settings, new_value=[object], source=unknown"}
{"logTime": "1005/092513", "level": "INFO", "message": "Preference changed: name=extensions.settings, new_value=[object], source=unknown"}
{"logTime": "1005/092513", "level": "INFO", "message": "Preference changed: name=extensions.settings, new_value=[object], source=unknown"}
{"logTime": "1005/092513", "level": "INFO", "message": "Preference changed: name=extensions.settings, new_value=[object], source=unknown"}
{"logTime": "1005/092513", "level": "INFO", "message": "Preference changed: name=extensions.settings, new_value=[object], source=unknown"}
{"logTime": "1005/092513", "level": "INFO", "message": "Preference changed: name=extensions.settings, new_value=[object], source=unknown"}
{"logTime": "1005/092513", "level": "INFO", "message": "Preference changed: name=extensions.settings, new_value=[object], source=unknown"}
{"logTime": "1005/092513", "level": "INFO", "message": "Preference changed: name=extensions.settings, new_value=[object], source=unknown"}
{"logTime": "1005/092513", "level": "INFO", "message": "Preference changed: name=extensions.settings, new_value=[object], source=unknown"}
{"logTime": "1005/092513", "level": "INFO", "message": "Preference changed: name=extensions.settings, new_value=[object], source=unknown"}
{"logTime": "1005/092513", "level": "INFO", "message": "Preference changed: name=extension.installed_extension_count, new_value=2, source=unknown"}
{"logTime": "1005/092513", "level": "INFO", "message": "Preference changed: name=profile.password_hash_data_list, new_value=[object], source=unknown"}
{"logTime": "1005/092513", "level": "INFO", "message": "Preference changed: name=edge.msa_sso_info.allow_for_non_msa_profile, new_value=true, source=unknown"}
{"logTime": "1005/092513", "level": "INFO", "message": "Preference changed: name=edge.profile_sso_info.is_msa_first_profile, new_value=true, source=unknown"}
{"logTime": "1005/092513", "level": "INFO", "message": "Preference changed: name=edge.profile_sso_info.msa_sso_algo_state, new_value=1, source=unknown"}
{"logTime": "1005/092513", "level": "INFO", "message": "Preference changed: name=browser.available_dark_theme_options, new_value=\"All\", source=unknown"}
{"logTime": "1005/092513", "level": "INFO", "message": "Preference changed: name=schedule_to_flush_to_disk, new_value=\"13435665913124678\", source=unknown"}
{"logTime": "1005/092513", "level": "INFO", "message": "Preference changed: name=schedule_to_flush_to_disk, new_value=\"13435665913125139\", source=unknown"}
{"logTime": "1005/092513", "level": "INFO", "message": "Preference changed: name=muid.last_sync, new_value=\"13435665913125347\", source=unknown"}
{"logTime": "1005/092513", "level": "INFO", "message": "Preference changed: name=bookmark.storage_computation_last_update, new_value=\"13435665913132760\", source=unknown"}
{"logTime": "1005/092513", "level": "INFO", "message": "Preference changed: name=commerce_daily_metrics_last_update_time, new_value=\"13435665913132944\", source=unknown"}
{"logTime": "1005/092513", "level": "INFO", "message": "Preference changed: name=extensions.settings, new_value=[object], source=unknown"}
{"logTime": "1005/092513", "level": "INFO", "message": "Preference changed: name=extensions.settings, new_value=[object], source=unknown"}
{"logTime": "1005/092513", "level": "INFO", "message": "Preference changed: name=extensions.settings, new_value=[object], source=unknown"}
{"logTime": "1005/092513", "level": "INFO", "message": "Preference changed: name=extensions.settings, new_value=[object], source=unknown"}
{"logTime": "1005/092513", "level": "INFO", "message": "Preference changed: name=extensions.chrome_url_overrides, new_value=[object], source=unknown"}
{"logTime": "1005/092513", "level": "INFO", "message": "Preference changed: name=extensions.pinned_extensions, new_value=[object], source=unknown"}
{"logTime": "1005/092513", "level": "INFO", "message": "Preference changed: name=extensions.pinned_extension_migration, new_value=true, source=unknown"}
{"logTime": "1005/092513", "level": "INFO", "message": "Preference changed: name=edge.services.signin_scoped_device_id, new_value=\"5728b72d-1928-40cf-a262-7d3ee7405101\", source=unknown"}
{"logTime": "1005/092513", "level": "INFO", "message": "Preference changed: name=account_tracker_service_last_update, new_value=\"13435665913133955\", source=unknown"}
{"logTime": "1005/092513", "level": "INFO", "message": "Preference changed: name=autofill.last_version_deduped, new_value=154, source=unknown"}
{"logTime": "1005/092513", "level": "INFO", "message": "Preference changed: name=autofill.edge_autofill_purge_low_quality_profiles_by_timeline, new_value=false, source=unknown"}
{"logTime": "1005/092513", "level": "INFO", "message": "Preference changed: name=optimization_guide.previously_registered_optimization_types, new_value=[object], source=unknown"}
{"logTime": "1005/092513", "level": "INFO", "message": "Preference changed: name=profile.edge_user_with_non_zero_passwords, new_value=false, source=unknown"}
{"logTime": "1005/092513", "level": "INFO", "message": "Preference changed: name=profile.edge_password_is_using_new_login_db_path, new_value=false, source=unknown"}
{"logTime": "1005/092513", "level": "INFO", "message": "Preference changed: name=profile.edge_password_login_db_path_flip_flop_count, new_value=0, source=unknown"}
{"logTime": "1005/092513", "level": "INFO", "message": "Preference changed: name=credentials_enable_service, new_value=false, source=unknown"}
{"logTime": "1005/092513", "level": "INFO", "message": "Preference changed: name=autofill.credit_card_enabled, new_value=false, source=unknown"}
{"logTime": "1005/092513", "level": "INFO", "message": "Preference changed: name=enable_edge_collections, new_value=false, source=unknown"}
{"logTime": "1005/092513", "level": "INFO", "message": "Preference changed: name=resolve_navigation_errors_use_web_service.enabled, new_value=false, source=unknown"}
{"logTime": "1005/092513", "level": "INFO", "message": "Preference changed: name=alternate_error_pages.enabled, new_value=false, source=unknown"}
{"logTime": "1005/092513", "level": "INFO", "message": "Preference changed: name=webrtc.udp_port_range, new_value=\"0-0\", source=unknown"}
{"logTime": "1005/092513", "level": "INFO", "message": "Preference changed: name=optimization_guide.previously_registered_optimization_types, new_value=[object], source=unknown"}
{"logTime": "1005/092513", "level": "INFO", "message": "Preference changed: name=browser.show_downloads_hub_pinned, new_value=false, source=unknown"}
{"logTime": "1005/092513", "level": "INFO", "message": "Preference changed: name=browser.show_toolbar_edge_generic_sidebar_button, new_value=false, source=unknown"}
{"logTime": "1005/092513", "level": "INFO", "message": "Preference changed: name=in_product_help.session_start_time, new_value=\"13435665913204840\", source=unknown"}
{"logTime": "1005/092513", "level": "INFO", "message": "Preference changed: name=in_product_help.session_number, new_value=2, source=unknown"}
{"logTime": "1005/092513", "level": "INFO", "message": "Preference changed: name=in_product_help.session_last_active_time, new_value=\"13435665913204840\", source=unknown"}
{"logTime": "1005/092513", "level": "INFO", "message": "Preference changed: name=in_product_help.recent_session_enabled_time, new_value=\"13435665913204840\", source=unknown"}
{"logTime": "1005/092513", "level": "INFO", "message": "Preference changed: name=in_product_help.recent_session_start_times, new_value=[object], source=unknown"}
{"logTime": "1005/092513", "level": "INFO", "message": "Preference changed: name=media.engagement.schema_version, new_value=5, source=unknown"}
{"logTime": "1005/092513", "level": "INFO", "message": "Preference changed: name=intl.selected_languages, new_value=\"en-US,en\", source=unknown"}
{"logTime": "1005/092513", "level": "INFO", "message": "Preference changed: name=optimization_guide.previously_registered_optimization_types, new_value=[object], source=unknown"}
{"logTime": "1005/092513", "level": "INFO", "message": "Preference changed: name=profile.content_settings.exceptions.storage_access_header_origin_trial, new_value=[object], source=unknown"}
{"logTime": "1005/092513", "level": "INFO", "message": "Preference changed: name=spellcheck.dictionaries, new_value=[object], source=unknown"}
{"logTime": "1005/092513", "level": "INFO", "message": "Preference changed: name=autocomplete.retention_policy_last_version, new_value=154, source=unknown"}
{"logTime": "1005/092513", "level": "INFO", "message": "Preference changed: name=saved_tab_groups.specifics_to_data_migration, new_value=true, source=unknown"}
{"logTime": "1005/092513", "level": "INFO", "message": "Preference changed: name=typosquatting.allowlist_migration_done, new_value=true, source=unknown"}
{"logTime": "1005/092513", "level": "INFO", "message": "Preference changed: name=browser.theme.color_scheme2, new_value=1, source=unknown"}
{"logTime": "1005/092514", "level": "INFO", "message": "Preference changed: name=edge_rewards.cache_data, new_value=\"CAA=\", source=unknown"}
{"logTime": "1005/092514", "level": "INFO", "message": "Preference changed: name=edge_rewards.refresh_status_muted_until, new_value=\"13436270714039522\", source=unknown"}
{"logTime": "1005/092514", "level": "INFO", "message": "Preference changed: name=fsd.retention_policy_last_version, new_value=154, source=unknown"}
{"logTime": "1005/092514", "level": "INFO", "message": "Preference changed: name=muid.values_seen, new_value=[object], source=unknown"}
{"logTime": "1005/092515", "level": "INFO", "message": "Preference changed: name=language_model_counters, new_value=[object], source=unknown"}
{"logTime": "1005/092516", "level": "INFO", "message": "Preference changed: name=personalization_data_consent.personalization_in_context_count, new_value=0, source=unknown"}
{"logTime": "1005/092516", "level": "INFO", "message": "Preference changed: name=personalization_data_consent.personalization_in_context_consent_can_prompt, new_value=true, source=unknown"}
{"logTime": "1005/092517", "level": "INFO", "message": "Preference changed: name=aadc_info.age_group, new_value=0, source=unknown"}
{"logTime": "1005/092517", "level": "INFO", "message": "Preference changed: name=optimization_guide.hintsfetcher.hosts_successfully_fetched, new_value=[object], source=unknown"}
{"logTime": "1005/092518", "level": "INFO", "message": "Preference changed: name=profile.is_relative_to_aad, new_value=true, source=unknown"}
{"logTime": "1005/092523", "level": "INFO", "message": "PrefStore write completed: store=4, success=true"}
{"logTime": "1005/092523", "level": "INFO", "message": "PrefStore write completed: store=4, success=true"}
{"logTime": "1005/092523", "level": "INFO", "message": "Preference changed: name=edge.bookmarks.last_dup_info_record_time, new_value=\"13435665923153093\", source=unknown"}
{"logTime": "1005/092525", "level": "INFO", "message": "Preference changed: name=language_dwell_time_average, new_value=[object], source=unknown"}
{"logTime": "1005/092525", "level": "INFO", "message": "Preference changed: name=language_usage_count, new_value=[object], source=unknown"}
{"logTime": "1005/092525", "level": "INFO", "message": "Preference changed: name=profile.observed_session_time, new_value=[object], source=unknown"}
{"logTime": "1005/092525", "level": "INFO", "message": "Preference changed: name=sessions.session_data_status, new_value=2, source=unknown"}
{"logTime": "1005/092525", "level": "INFO", "message": "Preference changed: name=sessions.session_data_status, new_value=3, source=unknown"}
{"logTime": "1005/092525", "level": "INFO", "message": "Preference changed: name=sessions.event_log, new_value=[object], source=unknown"}
{"logTime": "1005/092525", "level": "INFO", "message": "Preference changed: name=profile.exit_type, new_value=\"Normal\", source=unknown"}
{"logTime": "1005/092526", "level": "INFO", "message": "UserPrefStore loaded: error=NONE (0)"}
{"logTime": "1005/092526", "level": "INFO", "message": "Preference changed: name=optimization_guide.previously_registered_optimization_types, new_value=[object], source=unknown"}
{"logTime": "1005/092526", "level": "INFO", "message": "Preference changed: name=extensions.chrome_url_overrides, new_value=[object], source=unknown"}
{"logTime": "1005/092526", "level": "INFO", "message": "Preference changed: name=sessions.session_data_status, new_value=1, source=unknown"}
{"logTime": "1005/092526", "level": "INFO", "message": "Preference changed: name=sessions.event_log, new_value=[object], source=unknown"}
{"logTime": "1005/092526", "level": "INFO", "message": "Preference changed: name=optimization_guide.previously_registered_optimization_types, new_value=[object], source=unknown"}
{"logTime": "1005/092526", "level": "INFO", "message": "Preference changed: name=optimization_guide.previously_registered_optimization_types, new_value=[object], source=unknown"}
{"logTime": "1005/092526", "level": "INFO", "message": "Preference changed: name=optimization_guide.previously_registered_optimization_types, new_value=[object], source=unknown"}
{"logTime": "1005/092526", "level": "INFO", "message": "Preference changed: name=optimization_guide.previously_registered_optimization_types, new_value=[object], source=unknown"}
{"logTime": "1005/092526", "level": "INFO", "message": "Preference changed: name=optimization_guide.previously_registered_optimization_types, new_value=[object], source=unknown"}
{"logTime": "1005/092526", "level": "INFO", "message": "Preference changed: name=profile.network_pbs, new_value=[object], source=unknown"}
{"logTime": "1005/092526", "level": "INFO", "message": "Preference changed: name=profile.password_hash_data_list, new_value=[object], source=unknown"}
{"logTime": "1005/092526", "level": "INFO", "message": "Preference changed: name=schedule_to_flush_to_disk, new_value=\"13435665926895507\", source=unknown"}
{"logTime": "1005/092526", "level": "INFO", "message": "Preference changed: name=schedule_to_flush_to_disk, new_value=\"13435665926896161\", source=unknown"}
{"logTime": "1005/092526", "level": "INFO", "message": "Preference changed: name=extensions.chrome_url_overrides, new_value=[object], source=unknown"}
{"logTime": "1005/092526", "level": "INFO", "message": "Preference changed: name=edge.services.signin_scoped_device_id, new_value=\"1b062558-5916-454f-abbf-168e32b0967e\", source=unknown"}
{"logTime": "1005/092526", "level": "INFO", "message": "Preference changed: name=optimization_guide.previously_registered_optimization_types, new_value=[object], source=unknown"}
{"logTime": "1005/092526", "level": "INFO", "message": "Preference changed: name=autofill.credit_card_enabled, new_value=false, source=unknown"}
{"logTime": "1005/092526", "level": "INFO", "message": "Preference changed: name=enable_edge_collections, new_value=false, source=unknown"}
{"logTime": "1005/092526", "level": "INFO", "message": "Preference changed: name=resolve_navigation_errors_use_web_service.enabled, new_value=false, source=unknown"}
{"logTime": "1005/092526", "level": "INFO", "message": "Preference changed: name=alternate_error_pages.enabled, new_value=false, source=unknown"}
{"logTime": "1005/092526", "level": "INFO", "message": "Preference changed: name=optimization_guide.previously_registered_optimization_types, new_value=[object], source=unknown"}
{"logTime": "1005/092526", "level": "INFO", "message": "Preference changed: name=in_product_help.session_last_active_time, new_value=\"13435665926968047\", source=unknown"}
{"logTime": "1005/092526", "level": "INFO", "message": "Preference changed: name=optimization_guide.previously_registered_optimization_types, new_value=[object], source=unknown"}
{"logTime": "1005/092526", "level": "INFO", "message": "Preference changed: name=profile.content_settings.exceptions.storage_access_header_origin_trial, new_value=[object], source=unknown"}
{"logTime": "1005/092527", "level": "INFO", "message": "Preference changed: name=edge_rewards.coachmark_promotions, new_value=[object], source=unknown"}
{"logTime": "1005/092527", "level": "INFO", "message": "Preference changed: name=edge_rewards.hva_promotions, new_value=[object], source=unknown"}
{"logTime": "1005/092528", "level": "INFO", "message": "Preference changed: name=profile.content_settings.exceptions.site_engagement, new_value=[object], source=unknown"}
{"logTime": "1005/092528", "level": "INFO", "message": "Preference changed: name=profile.last_engagement_time, new_value=\"13435665928723643\", source=unknown"}
{"logTime": "1005/092528", "level": "INFO", "message": "Preference changed: name=profile.content_settings.exceptions.site_engagement, new_value=[object], source=unknown"}
{"logTime": "1005/092528", "level": "INFO", "message": "Preference changed: name=profile.last_engagement_time, new_value=\"13435665928734883\", source=unknown"}
{"logTime": "1005/092529", "level": "INFO", "message": "Preference changed: name=language_model_counters, new_value=[object], source=unknown"}
{"logTime": "1005/092536", "level": "INFO", "message": "PrefStore write completed: store=4, success=true"}
{"logTime": "1005/092536", "level": "INFO", "message": "PrefStore write completed: store=4, success=true"}
{"logTime": "1005/092556", "level": "INFO", "message": "Preference changed: name=profile.last_time_password_store_metrics_reported, new_value=1791192356.868323, source=unknown"}
{"logTime": "1005/092556", "level": "INFO", "message": "Preference changed: name=edge_wallet.passwords.password_lost_report_date, new_value=\"13435665956869225\", source=unknown"}
{"logTime": "1005/092556", "level": "INFO", "message": "Preference changed: name=total_passwords_available_for_account, new_value=0, source=unknown"}
{"logTime": "1005/092556", "level": "INFO", "message": "Preference changed: name=total_passwords_available_for_profile, new_value=0, source=unknown"}
{"logTime": "1005/092606", "level": "INFO", "message": "PrefStore write completed: store=4, success=true"}
{"logTime": "1005/092626", "level": "INFO", "message": "Preference changed: name=profile.last_time_obsolete_http_credentials_removed, new_value=1791192386.87046, source=unknown"}
{"logTime": "1005/092626", "level": "INFO", "message": "Preference changed: name=profile.were_old_google_logins_removed, new_value=true, source=unknown"}
{"logTime": "1005/092626", "level": "INFO", "message": "Preference changed: name=password_manager.account_store_migrated_to_os_crypt_async, new_value=true, source=unknown"}
{"logTime": "1005/092626", "level": "INFO", "message": "Preference changed: name=password_manager.account_store_backup_password_cleaning_last_timestamp, new_value=\"13435665986870687\", source=unknown"}
{"logTime": "1005/092626", "level": "INFO", "message": "Preference changed: name=profile.last_time_obsolete_http_credentials_removed, new_value=1791192386.870752, source=unknown"}
{"logTime": "1005/092626", "level": "INFO", "message": "Preference changed: name=password_manager.profile_store_migrated_to_os_crypt_async, new_value=true, source=unknown"}
{"logTime": "1005/092626", "level": "INFO", "message": "Preference changed: name=password_manager.profile_store_backup_password_cleaning_last_timestamp, new_value=\"13435665986870934\", source=unknown"}
{"logTime": "1005/092636", "level": "INFO", "message": "PrefStore write completed: store=4, success=true"}
{"logTime": "1005/094259", "level": "INFO", "message": "Preference changed: name=profile.observed_session_time, new_value=[object], source=unknown"}
{"logTime": "1005/094309", "level": "INFO", "message": "PrefStore write completed: store=4, success=true"}
{"logTime": "1005/094354", "level": "INFO", "message": "Preference changed: name=profile.observed_session_time, new_value=[object], source=unknown"}
{"logTime": "1005/094404", "level": "INFO", "message": "PrefStore write completed: store=4, success=true"}
{"logTime": "1005/100328", "level": "INFO", "message": "Preference changed: name=profile.observed_session_time, new_value=[object], source=unknown"}
{"logTime": "1005/100338", "level": "INFO", "message": "PrefStore write completed: store=4, success=true"}
{"logTime": "1005/100629", "level": "INFO", "message": "Preference changed: name=profile.content_settings.exceptions.site_engagement, new_value=[object], source=unknown"}
{"logTime": "1005/100629", "level": "INFO", "message": "Preference changed: name=profile.last_engagement_time, new_value=\"13435668389263619\", source=unknown"}
{"logTime": "1005/100638", "level": "INFO", "message": "Preference changed: name=profile.observed_session_time, new_value=[object], source=unknown"}
{"logTime": "1005/100648", "level": "INFO", "message": "PrefStore write completed: store=4, success=true"}
{"logTime": "1005/100727", "level": "INFO", "message": "Preference changed: name=profile.content_settings.exceptions.site_engagement, new_value=[object], source=unknown"}
{"logTime": "1005/100727", "level": "INFO", "message": "Preference changed: name=profile.last_engagement_time, new_value=\"13435668447056384\", source=unknown"}
{"logTime": "1005/100732", "level": "INFO", "message": "Preference changed: name=profile.observed_session_time, new_value=[object], source=unknown"}
{"logTime": "1005/100742", "level": "INFO", "message": "PrefStore write completed: store=4, success=true"}
{"logTime": "1005/100832", "level": "INFO", "message": "Preference changed: name=sessions.event_log, new_value=[object], source=unknown"}
{"logTime": "1005/100842", "level": "INFO", "message": "PrefStore write completed: store=4, success=true"}
{"logTime": "1005/101256", "level": "INFO", "message": "Preference changed: name=language_dwell_time_average, new_value=[object], source=unknown"}
{"logTime": "1005/101256", "level": "INFO", "message": "Preference changed: name=language_usage_count, new_value=[object], source=unknown"}
{"logTime": "1005/101256", "level": "INFO", "message": "Preference changed: name=profile.content_settings.exceptions.media_engagement, new_value=[object], source=unknown"}
{"logTime": "1005/101259", "level": "INFO", "message": "Preference changed: name=profile.observed_session_time, new_value=[object], source=unknown"}
{"logTime": "1005/101306", "level": "INFO", "message": "PrefStore write completed: store=4, success=true"}
{"logTime": "1005/123649", "level": "INFO", "message": "Preference changed: name=language_dwell_time_average, new_value=[object], source=unknown"}
{"logTime": "1005/123649", "level": "INFO", "message": "Preference changed: name=language_usage_count, new_value=[object], source=unknown"}
{"logTime": "1005/123649", "level": "INFO", "message": "Preference changed: name=profile.content_settings.exceptions.media_engagement, new_value=[object], source=unknown"}
{"logTime": "1005/123649", "level": "INFO", "message": "Preference changed: name=sessions.session_data_status, new_value=2, source=unknown"}
{"logTime": "1005/123649", "level": "INFO", "message": "Preference changed: name=sessions.session_data_status, new_value=3, source=unknown"}
{"logTime": "1005/123726", "level": "INFO", "message": "UserPrefStore loaded: error=NONE (0)"}
{"logTime": "1005/123726", "level": "INFO", "message": "Preference changed: name=optimization_guide.previously_registered_optimization_types, new_value=[object], source=unknown"}
{"logTime": "1005/123726", "level": "INFO", "message": "Preference changed: name=extensions.chrome_url_overrides, new_value=[object], source=unknown"}
{"logTime": "1005/123726", "level": "INFO", "message": "Preference changed: name=sessions.session_data_status, new_value=1, source=unknown"}
{"logTime": "1005/123726", "level": "INFO", "message": "Preference changed: name=sessions.event_log, new_value=[object], source=unknown"}
{"logTime": "1005/123726", "level": "INFO", "message": "Preference changed: name=optimization_guide.previously_registered_optimization_types, new_value=[object], source=unknown"}
{"logTime": "1005/123726", "level": "INFO", "message": "Preference changed: name=optimization_guide.previously_registered_optimization_types, new_value=[object], source=unknown"}
{"logTime": "1005/123726", "level": "INFO", "message": "Preference changed: name=optimization_guide.previously_registered_optimization_types, new_value=[object], source=unknown"}
{"logTime": "1005/123726", "level": "INFO", "message": "Preference changed: name=optimization_guide.previously_registered_optimization_types, new_value=[object], source=unknown"}
{"logTime": "1005/123726", "level": "INFO", "message": "Preference changed: name=optimization_guide.previously_registered_optimization_types, new_value=[object], source=unknown"}
{"logTime": "1005/123726", "level": "INFO", "message": "Preference changed: name=profile.network_pbs, new_value=[object], source=unknown"}
{"logTime": "1005/123726", "level": "INFO", "message": "Preference changed: name=profile.password_hash_data_list, new_value=[object], source=unknown"}
{"logTime": "1005/123726", "level": "INFO", "message": "Preference changed: name=schedule_to_flush_to_disk, new_value=\"13435677446867150\", source=unknown"}
{"logTime": "1005/123726", "level": "INFO", "message": "Preference changed: name=schedule_to_flush_to_disk, new_value=\"13435677446867815\", source=unknown"}
{"logTime": "1005/123726", "level": "INFO", "message": "Preference changed: name=edge.services.signin_scoped_device_id, new_value=\"bb639158-0abe-468b-9218-2dd4efd1c390\", source=unknown"}
{"logTime": "1005/123726", "level": "INFO", "message": "Preference changed: name=optimization_guide.previously_registered_optimization_types, new_value=[object], source=unknown"}
{"logTime": "1005/123726", "level": "INFO", "message": "Preference changed: name=extensions.chrome_url_overrides, new_value=[object], source=unknown"}
{"logTime": "1005/123726", "level": "INFO", "message": "Preference changed: name=autofill.credit_card_enabled, new_value=false, source=unknown"}
{"logTime": "1005/123726", "level": "INFO", "message": "Preference changed: name=enable_edge_collections, new_value=false, source=unknown"}
{"logTime": "1005/123726", "level": "INFO", "message": "Preference changed: name=resolve_navigation_errors_use_web_service.enabled, new_value=false, source=unknown"}
{"logTime": "1005/123726", "level": "INFO", "message": "Preference changed: name=alternate_error_pages.enabled, new_value=false, source=unknown"}
{"logTime": "1005/123726", "level": "INFO", "message": "Preference changed: name=optimization_guide.previously_registered_optimization_types, new_value=[object], source=unknown"}
{"logTime": "1005/123726", "level": "INFO", "message": "Preference changed: name=in_product_help.session_last_active_time, new_value=\"13435677446969210\", source=unknown"}
{"logTime": "1005/123726", "level": "INFO", "message": "Preference changed: name=optimization_guide.previously_registered_optimization_types, new_value=[object], source=unknown"}
{"logTime": "1005/123726", "level": "INFO", "message": "Preference changed: name=profile.content_settings.exceptions.storage_access_header_origin_trial, new_value=[object], source=unknown"}
{"logTime": "1005/123727", "level": "INFO", "message": "Preference changed: name=edge_rewards.coachmark_promotions, new_value=[object], source=unknown"}
{"logTime": "1005/123727", "level": "INFO", "message": "Preference changed: name=edge_rewards.hva_promotions, new_value=[object], source=unknown"}
{"logTime": "1005/123728", "level": "INFO", "message": "Preference changed: name=profile.content_settings.exceptions.site_engagement, new_value=[object], source=unknown"}
{"logTime": "1005/123728", "level": "INFO", "message": "Preference changed: name=profile.last_engagement_time, new_value=\"13435677448210594\", source=unknown"}
{"logTime": "1005/123728", "level": "INFO", "message": "Preference changed: name=profile.content_settings.exceptions.site_engagement, new_value=[object], source=unknown"}
{"logTime": "1005/123728", "level": "INFO", "message": "Preference changed: name=profile.last_engagement_time, new_value=\"13435677448217541\", source=unknown"}
{"logTime": "1005/123728", "level": "INFO", "message": "Preference changed: name=language_model_counters, new_value=[object], source=unknown"}
{"logTime": "1005/123736", "level": "INFO", "message": "PrefStore write completed: store=4, success=true"}
{"logTime": "1005/123736", "level": "INFO", "message": "PrefStore write completed: store=4, success=true"}
{"logTime": "1005/123818", "level": "INFO", "message": "Preference changed: name=profile.content_settings.exceptions.media_engagement, new_value=[object], source=unknown"}
{"logTime": "1005/123818", "level": "INFO", "message": "Preference changed: name=sessions.event_log, new_value=[object], source=unknown"}
{"logTime": "1005/123828", "level": "INFO", "message": "PrefStore write completed: store=4, success=true"}
{"logTime": "1005/125745", "level": "INFO", "message": "Preference changed: name=language_dwell_time_average, new_value=[object], source=unknown"}
{"logTime": "1005/125745", "level": "INFO", "message": "Preference changed: name=language_usage_count, new_value=[object], source=unknown"}
{"logTime": "1005/125745", "level": "INFO", "message": "Preference changed: name=profile.content_settings.exceptions.media_engagement, new_value=[object], source=unknown"}
{"logTime": "1005/125746", "level": "INFO", "message": "Preference changed: name=sessions.session_data_status, new_value=2, source=unknown"}
{"logTime": "1005/125746", "level": "INFO", "message": "Preference changed: name=sessions.session_data_status, new_value=3, source=unknown"}
{"logTime": "1005/125812", "level": "INFO", "message": "UserPrefStore loaded: error=NONE (0)"}
{"logTime": "1005/125812", "level": "INFO", "message": "Preference changed: name=optimization_guide.previously_registered_optimization_types, new_value=[object], source=unknown"}
{"logTime": "1005/125812", "level": "INFO", "message": "Preference changed: name=extensions.chrome_url_overrides, new_value=[object], source=unknown"}
{"logTime": "1005/125812", "level": "INFO", "message": "Preference changed: name=sessions.session_data_status, new_value=1, source=unknown"}
{"logTime": "1005/125812", "level": "INFO", "message": "Preference changed: name=sessions.event_log, new_value=[object], source=unknown"}
{"logTime": "1005/125812", "level": "INFO", "message": "Preference changed: name=optimization_guide.previously_registered_optimization_types, new_value=[object], source=unknown"}
{"logTime": "1005/125812", "level": "INFO", "message": "Preference changed: name=optimization_guide.previously_registered_optimization_types, new_value=[object], source=unknown"}
{"logTime": "1005/125812", "level": "INFO", "message": "Preference changed: name=optimization_guide.previously_registered_optimization_types, new_value=[object], source=unknown"}
{"logTime": "1005/125812", "level": "INFO", "message": "Preference changed: name=optimization_guide.previously_registered_optimization_types, new_value=[object], source=unknown"}
{"logTime": "1005/125812", "level": "INFO", "message": "Preference changed: name=optimization_guide.previously_registered_optimization_types, new_value=[object], source=unknown"}
{"logTime": "1005/125812", "level": "INFO", "message": "Preference changed: name=profile.network_pbs, new_value=[object], source=unknown"}
{"logTime": "1005/125812", "level": "INFO", "message": "Preference changed: name=profile.password_hash_data_list, new_value=[object], source=unknown"}
{"logTime": "1005/125812", "level": "INFO", "message": "Preference changed: name=schedule_to_flush_to_disk, new_value=\"13435678692712245\", source=unknown"}
{"logTime": "1005/125812", "level": "INFO", "message": "Preference changed: name=schedule_to_flush_to_disk, new_value=\"13435678692712934\", source=unknown"}
{"logTime": "1005/125812", "level": "INFO", "message": "Preference changed: name=edge.services.signin_scoped_device_id, new_value=\"9cefcad2-36f9-417c-845e-3734fd5b50a5\", source=unknown"}
{"logTime": "1005/125812", "level": "INFO", "message": "Preference changed: name=optimization_guide.previously_registered_optimization_types, new_value=[object], source=unknown"}
{"logTime": "1005/125812", "level": "INFO", "message": "Preference changed: name=extensions.chrome_url_overrides, new_value=[object], source=unknown"}
{"logTime": "1005/125812", "level": "INFO", "message": "Preference changed: name=autofill.credit_card_enabled, new_value=false, source=unknown"}
{"logTime": "1005/125812", "level": "INFO", "message": "Preference changed: name=enable_edge_collections, new_value=false, source=unknown"}
{"logTime": "1005/125812", "level": "INFO", "message": "Preference changed: name=resolve_navigation_errors_use_web_service.enabled, new_value=false, source=unknown"}
{"logTime": "1005/125812", "level": "INFO", "message": "Preference changed: name=alternate_error_pages.enabled, new_value=false, source=unknown"}
{"logTime": "1005/125812", "level": "INFO", "message": "Preference changed: name=optimization_guide.previously_registered_optimization_types, new_value=[object], source=unknown"}
{"logTime": "1005/125812", "level": "INFO", "message": "Preference changed: name=in_product_help.session_last_active_time, new_value=\"13435678692767196\", source=unknown"}
{"logTime": "1005/125812", "level": "INFO", "message": "Preference changed: name=optimization_guide.previously_registered_optimization_types, new_value=[object], source=unknown"}
{"logTime": "1005/125812", "level": "INFO", "message": "Preference changed: name=profile.content_settings.exceptions.storage_access_header_origin_trial, new_value=[object], source=unknown"}
{"logTime": "1005/125813", "level": "INFO", "message": "Preference changed: name=edge_rewards.coachmark_promotions, new_value=[object], source=unknown"}
{"logTime": "1005/125813", "level": "INFO", "message": "Preference changed: name=edge_rewards.hva_promotions, new_value=[object], source=unknown"}
{"logTime": "1005/125813", "level": "INFO", "message": "Preference changed: name=profile.content_settings.exceptions.site_engagement, new_value=[object], source=unknown"}
{"logTime": "1005/125813", "level": "INFO", "message": "Preference changed: name=profile.last_engagement_time, new_value=\"13435678693503063\", source=unknown"}
{"logTime": "1005/125813", "level": "INFO", "message": "Preference changed: name=profile.content_settings.exceptions.site_engagement, new_value=[object], source=unknown"}
{"logTime": "1005/125813", "level": "INFO", "message": "Preference changed: name=profile.last_engagement_time, new_value=\"13435678693507972\", source=unknown"}
{"logTime": "1005/125813", "level": "INFO", "message": "Preference changed: name=language_model_counters, new_value=[object], source=unknown"}
{"logTime": "1005/125816", "level": "INFO", "message": "Preference changed: name=language_dwell_time_average, new_value=[object], source=unknown"}
{"logTime": "1005/125816", "level": "INFO", "message": "Preference changed: name=language_usage_count, new_value=[object], source=unknown"}
{"logTime": "1005/125816", "level": "INFO", "message": "Preference changed: name=profile.content_settings.exceptions.media_engagement, new_value=[object], source=unknown"}
{"logTime": "1005/125816", "level": "INFO", "message": "Preference changed: name=sessions.event_log, new_value=[object], source=unknown"}
{"logTime": "1005/125822", "level": "INFO", "message": "PrefStore write completed: store=4, success=true"}
{"logTime": "1005/125822", "level": "INFO", "message": "PrefStore write completed: store=4, success=true"}
{"logTime": "1005/130914", "level": "INFO", "message": "Preference changed: name=profile.content_settings.exceptions.site_engagement, new_value=[object], source=unknown"}
{"logTime": "1005/130914", "level": "INFO", "message": "Preference changed: name=profile.last_engagement_time, new_value=\"13435679354539341\", source=unknown"}
{"logTime": "1005/130919", "level": "INFO", "message": "Preference changed: name=profile.observed_session_time, new_value=[object], source=unknown"}
{"logTime": "1005/130929", "level": "INFO", "message": "PrefStore write completed: store=4, success=true"}
{"logTime": "1005/130940", "level": "INFO", "message": "Preference changed: name=language_dwell_time_average, new_value=[object], source=unknown"}
{"logTime": "1005/130940", "level": "INFO", "message": "Preference changed: name=language_usage_count, new_value=[object], source=unknown"}
{"logTime": "1005/130940", "level": "INFO", "message": "Preference changed: name=profile.content_settings.exceptions.media_engagement, new_value=[object], source=unknown"}
{"logTime": "1005/130940", "level": "INFO", "message": "Preference changed: name=profile.observed_session_time, new_value=[object], source=unknown"}
{"logTime": "1005/130940", "level": "INFO", "message": "Preference changed: name=sessions.session_data_status, new_value=2, source=unknown"}
{"logTime": "1005/130940", "level": "INFO", "message": "Preference changed: name=sessions.session_data_status, new_value=3, source=unknown"}
{"logTime": "1005/131013", "level": "INFO", "message": "UserPrefStore loaded: error=NONE (0)"}
{"logTime": "1005/131013", "level": "INFO", "message": "Preference changed: name=optimization_guide.previously_registered_optimization_types, new_value=[object], source=unknown"}
{"logTime": "1005/131013", "level": "INFO", "message": "Preference changed: name=extensions.chrome_url_overrides, new_value=[object], source=unknown"}
{"logTime": "1005/131013", "level": "INFO", "message": "Preference changed: name=sessions.session_data_status, new_value=1, source=unknown"}
{"logTime": "1005/131013", "level": "INFO", "message": "Preference changed: name=sessions.event_log, new_value=[object], source=unknown"}
{"logTime": "1005/131013", "level": "INFO", "message": "Preference changed: name=optimization_guide.previously_registered_optimization_types, new_value=[object], source=unknown"}
{"logTime": "1005/131013", "level": "INFO", "message": "Preference changed: name=optimization_guide.previously_registered_optimization_types, new_value=[object], source=unknown"}
{"logTime": "1005/131013", "level": "INFO", "message": "Preference changed: name=optimization_guide.previously_registered_optimization_types, new_value=[object], source=unknown"}
{"logTime": "1005/131013", "level": "INFO", "message": "Preference changed: name=optimization_guide.previously_registered_optimization_types, new_value=[object], source=unknown"}
{"logTime": "1005/131013", "level": "INFO", "message": "Preference changed: name=optimization_guide.previously_registered_optimization_types, new_value=[object], source=unknown"}
{"logTime": "1005/131013", "level": "INFO", "message": "Preference changed: name=profile.network_pbs, new_value=[object], source=unknown"}
{"logTime": "1005/131013", "level": "INFO", "message": "Preference changed: name=profile.password_hash_data_list, new_value=[object], source=unknown"}
{"logTime": "1005/131013", "level": "INFO", "message": "Preference changed: name=schedule_to_flush_to_disk, new_value=\"13435679413589426\", source=unknown"}
{"logTime": "1005/131013", "level": "INFO", "message": "Preference changed: name=schedule_to_flush_to_disk, new_value=\"13435679413590766\", source=unknown"}
{"logTime": "1005/131013", "level": "INFO", "message": "Preference changed: name=edge.services.signin_scoped_device_id, new_value=\"be89f58d-9405-4c3a-a4dc-184d49d2afb9\", source=unknown"}
{"logTime": "1005/131013", "level": "INFO", "message": "Preference changed: name=optimization_guide.previously_registered_optimization_types, new_value=[object], source=unknown"}
{"logTime": "1005/131013", "level": "INFO", "message": "Preference changed: name=extensions.chrome_url_overrides, new_value=[object], source=unknown"}
{"logTime": "1005/131013", "level": "INFO", "message": "Preference changed: name=autofill.credit_card_enabled, new_value=false, source=unknown"}
{"logTime": "1005/131013", "level": "INFO", "message": "Preference changed: name=enable_edge_collections, new_value=false, source=unknown"}
{"logTime": "1005/131013", "level": "INFO", "message": "Preference changed: name=resolve_navigation_errors_use_web_service.enabled, new_value=false, source=unknown"}
{"logTime": "1005/131013", "level": "INFO", "message": "Preference changed: name=alternate_error_pages.enabled, new_value=false, source=unknown"}
{"logTime": "1005/131013", "level": "INFO", "message": "Preference changed: name=optimization_guide.previously_registered_optimization_types, new_value=[object], source=unknown"}
{"logTime": "1005/131013", "level": "INFO", "message": "Preference changed: name=in_product_help.session_last_active_time, new_value=\"13435679413664127\", source=unknown"}
{"logTime": "1005/131013", "level": "INFO", "message": "Preference changed: name=optimization_guide.previously_registered_optimization_types, new_value=[object], source=unknown"}
{"logTime": "1005/131013", "level": "INFO", "message": "Preference changed: name=profile.content_settings.exceptions.storage_access_header_origin_trial, new_value=[object], source=unknown"}
{"logTime": "1005/131014", "level": "INFO", "message": "Preference changed: name=edge_rewards.coachmark_promotions, new_value=[object], source=unknown"}
{"logTime": "1005/131014", "level": "INFO", "message": "Preference changed: name=edge_rewards.hva_promotions, new_value=[object], source=unknown"}
{"logTime": "1005/131014", "level": "INFO", "message": "Preference changed: name=profile.content_settings.exceptions.site_engagement, new_value=[object], source=unknown"}
{"logTime": "1005/131014", "level": "INFO", "message": "Preference changed: name=profile.last_engagement_time, new_value=\"13435679414413806\", source=unknown"}
{"logTime": "1005/131014", "level": "INFO", "message": "Preference changed: name=profile.content_settings.exceptions.site_engagement, new_value=[object], source=unknown"}
{"logTime": "1005/131014", "level": "INFO", "message": "Preference changed: name=profile.last_engagement_time, new_value=\"13435679414419793\", source=unknown"}
{"logTime": "1005/131014", "level": "INFO", "message": "Preference changed: name=language_model_counters, new_value=[object], source=unknown"}
{"logTime": "1005/131017", "level": "INFO", "message": "Preference changed: name=language_dwell_time_average, new_value=[object], source=unknown"}
{"logTime": "1005/131017", "level": "INFO", "message": "Preference changed: name=language_usage_count, new_value=[object], source=unknown"}
{"logTime": "1005/131017", "level": "INFO", "message": "Preference changed: name=profile.content_settings.exceptions.media_engagement, new_value=[object], source=unknown"}
{"logTime": "1005/131017", "level": "INFO", "message": "Preference changed: name=sessions.event_log, new_value=[object], source=unknown"}
{"logTime": "1005/131023", "level": "INFO", "message": "PrefStore write completed: store=4, success=true"}
{"logTime": "1005/131023", "level": "INFO", "message": "PrefStore write completed: store=4, success=true"}
{"logTime": "1005/131541", "level": "INFO", "message": "Preference changed: name=language_model_counters, new_value=[object], source=unknown"}
{"logTime": "1005/134431", "level": "INFO", "message": "Preference changed: name=language_model_counters, new_value=[object], source=unknown"}
{"logTime": "1005/134431", "level": "INFO", "message": "Preference changed: name=language_model_counters, new_value=[object], source=unknown"}
{"logTime": "1005/142015", "level": "INFO", "message": "Preference changed: name=language_dwell_time_average, new_value=[object], source=unknown"}
{"logTime": "1005/142015", "level": "INFO", "message": "Preference changed: name=language_usage_count, new_value=[object], source=unknown"}
{"logTime": "1005/142015", "level": "INFO", "message": "Preference changed: name=language_model_counters, new_value=[object], source=unknown"}
{"logTime": "1005/142025", "level": "INFO", "message": "PrefStore write completed: store=4, success=true"}
{"logTime": "1006/054039", "level": "INFO", "message": "Preference changed: name=profile.content_settings.exceptions.site_engagement, new_value=[object], source=unknown"}
{"logTime": "1006/054039", "level": "INFO", "message": "Preference changed: name=profile.last_engagement_time, new_value=\"13435710039385482\", source=unknown"}
{"logTime": "1006/063147", "level": "INFO", "message": "Preference changed: name=language_dwell_time_average, new_value=[object], source=unknown"}
{"logTime": "1006/063147", "level": "INFO", "message": "Preference changed: name=language_usage_count, new_value=[object], source=unknown"}
{"logTime": "1006/063147", "level": "INFO", "message": "Preference changed: name=language_model_counters, new_value=[object], source=unknown"}
{"logTime": "1006/063157", "level": "INFO", "message": "PrefStore write completed: store=4, success=true"}
{"logTime": "1006/064041", "level": "INFO", "message": "Preference changed: name=profile.content_settings.exceptions.site_engagement, new_value=[object], source=unknown"}
{"logTime": "1006/064041", "level": "INFO", "message": "Preference changed: name=profile.last_engagement_time, new_value=\"13435713641063164\", source=unknown"}
{"logTime": "1006/064520", "level": "INFO", "message": "Preference changed: name=language_model_counters, new_value=[object], source=unknown"}
{"logTime": "1006/064549", "level": "INFO", "message": "Preference changed: name=language_model_counters, new_value=[object], source=unknown"}
{"logTime": "1006/064604", "level": "INFO", "message": "Preference changed: name=language_dwell_time_average, new_value=[object], source=unknown"}
{"logTime": "1006/064604", "level": "INFO", "message": "Preference changed: name=language_usage_count, new_value=[object], source=unknown"}
{"logTime": "1006/064614", "level": "INFO", "message": "PrefStore write completed: store=4, success=true"}
{"logTime": "1006/064816", "level": "INFO", "message": "Preference changed: name=language_dwell_time_average, new_value=[object], source=unknown"}
{"logTime": "1006/064816", "level": "INFO", "message": "Preference changed: name=language_usage_count, new_value=[object], source=unknown"}
{"logTime": "1006/064816", "level": "INFO", "message": "Preference changed: name=language_model_counters, new_value=[object], source=unknown"}
{"logTime": "1006/064826", "level": "INFO", "message": "PrefStore write completed: store=4, success=true"}
{"logTime": "1006/070255", "level": "INFO", "message": "Preference changed: name=language_model_counters, new_value=[object], source=unknown"}
{"logTime": "1006/071826", "level": "INFO", "message": "Preference changed: name=profile.observed_session_time, new_value=[object], source=unknown"}
{"logTime": "1006/071836", "level": "INFO", "message": "PrefStore write completed: store=4, success=true"}
{"logTime": "1006/071837", "level": "INFO", "message": "Preference changed: name=profile.observed_session_time, new_value=[object], source=unknown"}
{"logTime": "1006/071847", "level": "INFO", "message": "PrefStore write completed: store=4, success=true"}
{"logTime": "1006/072640", "level": "INFO", "message": "Preference changed: name=language_dwell_time_average, new_value=[object], source=unknown"}
{"logTime": "1006/072640", "level": "INFO", "message": "Preference changed: name=language_usage_count, new_value=[object], source=unknown"}
{"logTime": "1006/072640", "level": "INFO", "message": "Preference changed: name=profile.content_settings.exceptions.media_engagement, new_value=[object], source=unknown"}
{"logTime": "1006/072641", "level": "INFO", "message": "Preference changed: name=sessions.session_data_status, new_value=2, source=unknown"}
{"logTime": "1006/072641", "level": "INFO", "message": "Preference changed: name=sessions.session_data_status, new_value=3, source=unknown"}
{"logTime": "1006/072720", "level": "INFO", "message": "UserPrefStore loaded: error=NONE (0)"}
{"logTime": "1006/072720", "level": "INFO", "message": "Preference changed: name=extensions.last_chrome_version, new_value=\"154.0.4258.62\", source=unknown"}
{"logTime": "1006/072720", "level": "INFO", "message": "Preference changed: name=optimization_guide.previously_registered_optimization_types, new_value=[object], source=unknown"}
{"logTime": "1006/072720", "level": "INFO", "message": "Preference changed: name=extensions.chrome_url_overrides, new_value=[object], source=unknown"}
{"logTime": "1006/072720", "level": "INFO", "message": "Preference changed: name=sessions.session_data_status, new_value=1, source=unknown"}
{"logTime": "1006/072720", "level": "INFO", "message": "Preference changed: name=sessions.event_log, new_value=[object], source=unknown"}
{"logTime": "1006/072720", "level": "INFO", "message": "Preference changed: name=optimization_guide.previously_registered_optimization_types, new_value=[object], source=unknown"}
{"logTime": "1006/072720", "level": "INFO", "message": "Preference changed: name=optimization_guide.previously_registered_optimization_types, new_value=[object], source=unknown"}
{"logTime": "1006/072720", "level": "INFO", "message": "Preference changed: name=optimization_guide.previously_registered_optimization_types, new_value=[object], source=unknown"}
{"logTime": "1006/072720", "level": "INFO", "message": "Preference changed: name=optimization_guide.previously_registered_optimization_types, new_value=[object], source=unknown"}
{"logTime": "1006/072720", "level": "INFO", "message": "Preference changed: name=optimization_guide.previously_registered_optimization_types, new_value=[object], source=unknown"}
{"logTime": "1006/072720", "level": "INFO", "message": "Preference changed: name=profile.network_pbs, new_value=[object], source=unknown"}
{"logTime": "1006/072720", "level": "INFO", "message": "Preference changed: name=extensions.settings, new_value=[object], source=unknown"}
{"logTime": "1006/072720", "level": "INFO", "message": "Preference changed: name=extensions.settings, new_value=[object], source=unknown"}
{"logTime": "1006/072720", "level": "INFO", "message": "Preference changed: name=profile.password_hash_data_list, new_value=[object], source=unknown"}
{"logTime": "1006/072720", "level": "INFO", "message": "Preference changed: name=schedule_to_flush_to_disk, new_value=\"13435745240356652\", source=unknown"}
{"logTime": "1006/072720", "level": "INFO", "message": "Preference changed: name=schedule_to_flush_to_disk, new_value=\"13435745240357338\", source=unknown"}
{"logTime": "1006/072720", "level": "INFO", "message": "Preference changed: name=edge.services.signin_scoped_device_id, new_value=\"b2844dcd-9cc4-4d8d-ba55-99e0e3abb1a7\", source=unknown"}
{"logTime": "1006/072720", "level": "INFO", "message": "Preference changed: name=optimization_guide.previously_registered_optimization_types, new_value=[object], source=unknown"}
{"logTime": "1006/072720", "level": "INFO", "message": "Preference changed: name=extensions.chrome_url_overrides, new_value=[object], source=unknown"}
{"logTime": "1006/072720", "level": "INFO", "message": "Preference changed: name=autofill.credit_card_enabled, new_value=false, source=unknown"}
{"logTime": "1006/072720", "level": "INFO", "message": "Preference changed: name=enable_edge_collections, new_value=false, source=unknown"}
{"logTime": "1006/072720", "level": "INFO", "message": "Preference changed: name=resolve_navigation_errors_use_web_service.enabled, new_value=false, source=unknown"}
{"logTime": "1006/072720", "level": "INFO", "message": "Preference changed: name=alternate_error_pages.enabled, new_value=false, source=unknown"}
{"logTime": "1006/072720", "level": "INFO", "message": "Preference changed: name=optimization_guide.previously_registered_optimization_types, new_value=[object], source=unknown"}
{"logTime": "1006/072720", "level": "INFO", "message": "Preference changed: name=in_product_help.session_start_time, new_value=\"13435745240449722\", source=unknown"}
{"logTime": "1006/072720", "level": "INFO", "message": "Preference changed: name=in_product_help.session_number, new_value=3, source=unknown"}
{"logTime": "1006/072720", "level": "INFO", "message": "Preference changed: name=in_product_help.session_last_active_time, new_value=\"13435745240449722\", source=unknown"}
{"logTime": "1006/072720", "level": "INFO", "message": "Preference changed: name=in_product_help.recent_session_start_times, new_value=[object], source=unknown"}
{"logTime": "1006/072720", "level": "INFO", "message": "Preference changed: name=optimization_guide.previously_registered_optimization_types, new_value=[object], source=unknown"}
{"logTime": "1006/072720", "level": "INFO", "message": "Preference changed: name=profile.content_settings.exceptions.storage_access_header_origin_trial, new_value=[object], source=unknown"}
{"logTime": "1006/072720", "level": "INFO", "message": "Preference changed: name=edge_rewards.coachmark_promotions, new_value=[object], source=unknown"}
{"logTime": "1006/072720", "level": "INFO", "message": "Preference changed: name=edge_rewards.hva_promotions, new_value=[object], source=unknown"}
{"logTime": "1006/072720", "level": "INFO", "message": "Preference changed: name=profile.content_settings.exceptions.site_engagement, new_value=[object], source=unknown"}
{"logTime": "1006/072720", "level": "INFO", "message": "Preference changed: name=profile.last_engagement_time, new_value=\"13435745240963361\", source=unknown"}
{"logTime": "1006/072721", "level": "INFO", "message": "Preference changed: name=profile.content_settings.exceptions.site_engagement, new_value=[object], source=unknown"}
{"logTime": "1006/072721", "level": "INFO", "message": "Preference changed: name=profile.last_engagement_time, new_value=\"13435745241457287\", source=unknown"}
{"logTime": "1006/072721", "level": "INFO", "message": "Preference changed: name=language_model_counters, new_value=[object], source=unknown"}
{"logTime": "1006/072730", "level": "INFO", "message": "PrefStore write completed: store=4, success=true"}
{"logTime": "1006/072730", "level": "INFO", "message": "PrefStore write completed: store=4, success=true"}
{"logTime": "1006/072946", "level": "INFO", "message": "Preference changed: name=profile.observed_session_time, new_value=[object], source=unknown"}
{"logTime": "1006/072956", "level": "INFO", "message": "PrefStore write completed: store=4, success=true"}
{"logTime": "1006/085055", "level": "INFO", "message": "Preference changed: name=language_dwell_time_average, new_value=[object], source=unknown"}
{"logTime": "1006/085055", "level": "INFO", "message": "Preference changed: name=language_usage_count, new_value=[object], source=unknown"}
{"logTime": "1006/085055", "level": "INFO", "message": "Preference changed: name=profile.content_settings.exceptions.media_engagement, new_value=[object], source=unknown"}
{"logTime": "1006/085055", "level": "INFO", "message": "Preference changed: name=sessions.event_log, new_value=[object], source=unknown"}
{"logTime": "1006/085055", "level": "INFO", "message": "Preference changed: name=profile.content_settings.exceptions.media_engagement, new_value=[object], source=unknown"}
{"logTime": "1006/085055", "level": "INFO", "message": "Preference changed: name=sessions.session_data_status, new_value=2, source=unknown"}
{"logTime": "1006/085055", "level": "INFO", "message": "Preference changed: name=sessions.session_data_status, new_value=3, source=unknown"}
{"logTime": "1006/091121", "level": "INFO", "message": "UserPrefStore loaded: error=NONE (0)"}
{"logTime": "1006/091121", "level": "INFO", "message": "Preference changed: name=optimization_guide.previously_registered_optimization_types, new_value=[object], source=unknown"}
{"logTime": "1006/091121", "level": "INFO", "message": "Preference changed: name=extensions.chrome_url_overrides, new_value=[object], source=unknown"}
{"logTime": "1006/091121", "level": "INFO", "message": "Preference changed: name=sessions.session_data_status, new_value=1, source=unknown"}
{"logTime": "1006/091121", "level": "INFO", "message": "Preference changed: name=sessions.event_log, new_value=[object], source=unknown"}
{"logTime": "1006/091121", "level": "INFO", "message": "Preference changed: name=optimization_guide.previously_registered_optimization_types, new_value=[object], source=unknown"}
{"logTime": "1006/091121", "level": "INFO", "message": "Preference changed: name=optimization_guide.previously_registered_optimization_types, new_value=[object], source=unknown"}
{"logTime": "1006/091121", "level": "INFO", "message": "Preference changed: name=optimization_guide.previously_registered_optimization_types, new_value=[object], source=unknown"}
{"logTime": "1006/091121", "level": "INFO", "message": "Preference changed: name=optimization_guide.previously_registered_optimization_types, new_value=[object], source=unknown"}
{"logTime": "1006/091121", "level": "INFO", "message": "Preference changed: name=optimization_guide.previously_registered_optimization_types, new_value=[object], source=unknown"}
{"logTime": "1006/091121", "level": "INFO", "message": "Preference changed: name=profile.network_pbs, new_value=[object], source=unknown"}
{"logTime": "1006/091121", "level": "INFO", "message": "Preference changed: name=profile.password_hash_data_list, new_value=[object], source=unknown"}
{"logTime": "1006/091121", "level": "INFO", "message": "Preference changed: name=schedule_to_flush_to_disk, new_value=\"13435751481314950\", source=unknown"}
{"logTime": "1006/091121", "level": "INFO", "message": "Preference changed: name=schedule_to_flush_to_disk, new_value=\"13435751481315648\", source=unknown"}
{"logTime": "1006/091121", "level": "INFO", "message": "Preference changed: name=extensions.chrome_url_overrides, new_value=[object], source=unknown"}
{"logTime": "1006/091121", "level": "INFO", "message": "Preference changed: name=edge.services.signin_scoped_device_id, new_value=\"c45821f4-57c1-4a61-8e43-7a429d52785c\", source=unknown"}
{"logTime": "1006/091121", "level": "INFO", "message": "Preference changed: name=optimization_guide.previously_registered_optimization_types, new_value=[object], source=unknown"}
{"logTime": "1006/091121", "level": "INFO", "message": "Preference changed: name=autofill.credit_card_enabled, new_value=false, source=unknown"}
{"logTime": "1006/091121", "level": "INFO", "message": "Preference changed: name=enable_edge_collections, new_value=false, source=unknown"}
{"logTime": "1006/091121", "level": "INFO", "message": "Preference changed: name=resolve_navigation_errors_use_web_service.enabled, new_value=false, source=unknown"}
{"logTime": "1006/091121", "level": "INFO", "message": "Preference changed: name=alternate_error_pages.enabled, new_value=false, source=unknown"}
{"logTime": "1006/091121", "level": "INFO", "message": "Preference changed: name=optimization_guide.previously_registered_optimization_types, new_value=[object], source=unknown"}
{"logTime": "1006/091121", "level": "INFO", "message": "Preference changed: name=in_product_help.session_last_active_time, new_value=\"13435751481410925\", source=unknown"}
{"logTime": "1006/091121", "level": "INFO", "message": "Preference changed: name=optimization_guide.previously_registered_optimization_types, new_value=[object], source=unknown"}
{"logTime": "1006/091121", "level": "INFO", "message": "Preference changed: name=profile.content_settings.exceptions.storage_access_header_origin_trial, new_value=[object], source=unknown"}
{"logTime": "1006/091121", "level": "INFO", "message": "Preference changed: name=edge_rewards.coachmark_promotions, new_value=[object], source=unknown"}
{"logTime": "1006/091121", "level": "INFO", "message": "Preference changed: name=edge_rewards.hva_promotions, new_value=[object], source=unknown"}
{"logTime": "1006/091121", "level": "INFO", "message": "Preference changed: name=profile.content_settings.exceptions.site_engagement, new_value=[object], source=unknown"}
{"logTime": "1006/091121", "level": "INFO", "message": "Preference changed: name=profile.last_engagement_time, new_value=\"13435751481801022\", source=unknown"}
{"logTime": "1006/091121", "level": "INFO", "message": "Preference changed: name=profile.content_settings.exceptions.site_engagement, new_value=[object], source=unknown"}
{"logTime": "1006/091121", "level": "INFO", "message": "Preference changed: name=profile.last_engagement_time, new_value=\"13435751481805613\", source=unknown"}
{"logTime": "1006/091121", "level": "INFO", "message": "Preference changed: name=language_model_counters, new_value=[object], source=unknown"}
{"logTime": "1006/091131", "level": "INFO", "message": "PrefStore write completed: store=4, success=true"}
{"logTime": "1006/091131", "level": "INFO", "message": "PrefStore write completed: store=4, success=true"}
{"logTime": "1006/091235", "level": "INFO", "message": "Preference changed: name=sessions.event_log, new_value=[object], source=unknown"}
{"logTime": "1006/091246", "level": "INFO", "message": "PrefStore write completed: store=4, success=true"}
{"logTime": "1006/092513", "level": "INFO", "message": "Preference changed: name=gaia_cookie.periodic_report_time_2, new_value=\"13435752313081114\", source=unknown"}
{"logTime": "1006/092513", "level": "INFO", "message": "Preference changed: name=muid.last_sync, new_value=\"13435752313127086\", source=unknown"}
{"logTime": "1006/092513", "level": "INFO", "message": "Preference changed: name=bookmark.storage_computation_last_update, new_value=\"13435752313143282\", source=unknown"}
{"logTime": "1006/092513", "level": "INFO", "message": "Preference changed: name=commerce_daily_metrics_last_update_time, new_value=\"13435752313143398\", source=unknown"}
{"logTime": "1006/092513", "level": "INFO", "message": "Preference changed: name=account_tracker_service_last_update, new_value=\"13435752313143450\", source=unknown"}
{"logTime": "1006/092523", "level": "INFO", "message": "PrefStore write completed: store=4, success=true"}
{"logTime": "1006/095607", "level": "INFO", "message": "Preference changed: name=language_model_counters, new_value=[object], source=unknown"}
{"logTime": "1006/103602", "level": "INFO", "message": "Preference changed: name=language_model_counters, new_value=[object], source=unknown"}
{"logTime": "1006/110832", "level": "INFO", "message": "Preference changed: name=language_model_counters, new_value=[object], source=unknown"}
{"logTime": "1006/110836", "level": "INFO", "message": "Preference changed: name=language_dwell_time_average, new_value=[object], source=unknown"}
{"logTime": "1006/110836", "level": "INFO", "message": "Preference changed: name=language_usage_count, new_value=[object], source=unknown"}
{"logTime": "1006/110846", "level": "INFO", "message": "PrefStore write completed: store=4, success=true"}
{"logTime": "1006/111444", "level": "INFO", "message": "Preference changed: name=language_model_counters, new_value=[object], source=unknown"}
{"logTime": "1006/111842", "level": "INFO", "message": "Preference changed: name=language_model_counters, new_value=[object], source=unknown"}
{"logTime": "1006/111850", "level": "INFO", "message": "Preference changed: name=language_model_counters, new_value=[object], source=unknown"}
{"logTime": "1006/111924", "level": "INFO", "message": "Preference changed: name=language_model_counters, new_value=[object], source=unknown"}
{"logTime": "1006/111930", "level": "INFO", "message": "Preference changed: name=language_dwell_time_average, new_value=[object], source=unknown"}
{"logTime": "1006/111930", "level": "INFO", "message": "Preference changed: name=language_usage_count, new_value=[object], source=unknown"}
{"logTime": "1006/111930", "level": "INFO", "message": "Preference changed: name=language_model_counters, new_value=[object], source=unknown"}
{"logTime": "1006/111940", "level": "INFO", "message": "PrefStore write completed: store=4, success=true"}
{"logTime": "1006/112621", "level": "INFO", "message": "Preference changed: name=profile.observed_session_time, new_value=[object], source=unknown"}
{"logTime": "1006/112631", "level": "INFO", "message": "PrefStore write completed: store=4, success=true"}
{"logTime": "1006/112742", "level": "INFO", "message": "Preference changed: name=profile.observed_session_time, new_value=[object], source=unknown"}
{"logTime": "1006/112752", "level": "INFO", "message": "PrefStore write completed: store=4, success=true"}
{"logTime": "1006/112753", "level": "INFO", "message": "Preference changed: name=language_dwell_time_average, new_value=[object], source=unknown"}
{"logTime": "1006/112753", "level": "INFO", "message": "Preference changed: name=language_usage_count, new_value=[object], source=unknown"}
{"logTime": "1006/112753", "level": "INFO", "message": "Preference changed: name=profile.content_settings.exceptions.media_engagement, new_value=[object], source=unknown"}
{"logTime": "1006/112753", "level": "INFO", "message": "Preference changed: name=language_dwell_time_average, new_value=[object], source=unknown"}
{"logTime": "1006/112753", "level": "INFO", "message": "Preference changed: name=language_usage_count, new_value=[object], source=unknown"}
{"logTime": "1006/112753", "level": "INFO", "message": "Preference changed: name=profile.content_settings.exceptions.media_engagement, new_value=[object], source=unknown"}
{"logTime": "1006/112754", "level": "INFO", "message": "Preference changed: name=sessions.session_data_status, new_value=2, source=unknown"}
{"logTime": "1006/112754", "level": "INFO", "message": "Preference changed: name=sessions.session_data_status, new_value=3, source=unknown"}
{"logTime": "1006/115220", "level": "INFO", "message": "UserPrefStore loaded: error=JSON_PARSE (1)"}
{"logTime": "1006/115220", "level": "INFO", "message": "Preference changed: name=profile_network_context_service.http_cache_finch_experiment_groups, new_value=\"None None None None\", source=unknown"}
{"logTime": "1006/115220", "level": "INFO", "message": "Preference changed: name=enterprise_profile_guid, new_value=\"b0c1b064-762a-4692-948c-c1b791671d62\", source=unknown"}
{"logTime": "1006/115220", "level": "INFO", "message": "Preference changed: name=extensions.last_chrome_version, new_value=\"154.0.4258.62\", source=unknown"}
{"logTime": "1006/115220", "level": "INFO", "message": "Preference changed: name=gaia_cookie.periodic_report_time_2, new_value=\"13435761140841717\", source=unknown"}
{"logTime": "1006/115220", "level": "INFO", "message": "Preference changed: name=optimization_guide.previously_registered_optimization_types, new_value=[object], source=unknown"}
{"logTime": "1006/115220", "level": "INFO", "message": "Preference changed: name=user_experience_metrics.personalization_data_consent_enabled_last_known_value, new_value=false, source=unknown"}
{"logTime": "1006/115220", "level": "INFO", "message": "Preference changed: name=profile.background_password_check, new_value=[object], source=unknown"}
{"logTime": "1006/115220", "level": "INFO", "message": "Preference changed: name=countryid_at_install, new_value=18766, source=unknown"}
{"logTime": "1006/115220", "level": "INFO", "message": "Preference changed: name=reset_prepopulated_engines, new_value=false, source=unknown"}
{"logTime": "1006/115220", "level": "INFO", "message": "Preference changed: name=extensions.chrome_url_overrides, new_value=[object], source=unknown"}
{"logTime": "1006/115220", "level": "INFO", "message": "Preference changed: name=browser.recent_theme_color_list, new_value=[object], source=unknown"}
{"logTime": "1006/115220", "level": "INFO", "message": "Preference changed: name=browser.color_theme_user_on_first_check, new_value=false, source=unknown"}
{"logTime": "1006/115220", "level": "INFO", "message": "Preference changed: name=sessions.session_data_status, new_value=1, source=unknown"}
{"logTime": "1006/115220", "level": "INFO", "message": "Preference changed: name=sessions.event_log, new_value=[object], source=unknown"}
{"logTime": "1006/115220", "level": "INFO", "message": "Preference changed: name=optimization_guide.previously_registered_optimization_types, new_value=[object], source=unknown"}
{"logTime": "1006/115220", "level": "INFO", "message": "Preference changed: name=optimization_guide.previously_registered_optimization_types, new_value=[object], source=unknown"}
{"logTime": "1006/115220", "level": "INFO", "message": "Preference changed: name=optimization_guide.previously_registered_optimization_types, new_value=[object], source=unknown"}
{"logTime": "1006/115220", "level": "INFO", "message": "Preference changed: name=saved_tab_groups.did_enable_shared_tab_groups_in_last_session, new_value=false, source=unknown"}
{"logTime": "1006/115220", "level": "INFO", "message": "Preference changed: name=optimization_guide.previously_registered_optimization_types, new_value=[object], source=unknown"}
{"logTime": "1006/115220", "level": "INFO", "message": "Preference changed: name=optimization_guide.previously_registered_optimization_types, new_value=[object], source=unknown"}
{"logTime": "1006/115220", "level": "INFO", "message": "Preference changed: name=safety_hub.unused_site_permissions_revocation.migration_completed, new_value=true, source=unknown"}
{"logTime": "1006/115220", "level": "INFO", "message": "Preference changed: name=profile.creation_time, new_value=\"13435665913009551\", source=unknown"}
{"logTime": "1006/115220", "level": "INFO", "message": "Preference changed: name=profile.edge_profile_id, new_value=\"30b224cc-e287-4adb-b4a6-c1dff4c4c8f3\", source=unknown"}
{"logTime": "1006/115220", "level": "INFO", "message": "Preference changed: name=edge_ux_config.assignmentcontext, new_value=\"\", source=unknown"}
{"logTime": "1006/115220", "level": "INFO", "message": "Preference changed: name=edge_ux_config.dataversion, new_value=\"0\", source=unknown"}
{"logTime": "1006/115220", "level": "INFO", "message": "Preference changed: name=edge_ux_config.experimentvariables, new_value=[object], source=unknown"}
{"logTime": "1006/115220", "level": "INFO", "message": "Preference changed: name=browser.user_level_features_context, new_value=[object], source=unknown"}
{"logTime": "1006/115220", "level": "INFO", "message": "Preference changed: name=edge_ux_config.flights, new_value=[object], source=unknown"}
{"logTime": "1006/115220", "level": "INFO", "message": "Preference changed: name=profile.network_pbs, new_value=[object], source=unknown"}
{"logTime": "1006/115220", "level": "INFO", "message": "Preference changed: name=extensions.alerts.initialized, new_value=true, source=unknown"}
{"logTime": "1006/115220", "level": "INFO", "message": "Preference changed: name=extensions.pdf_upsell_triggered, new_value=false, source=unknown"}
{"logTime": "1006/115220", "level": "INFO", "message": "Preference changed: name=extensions.settings, new_value=[object], source=unknown"}
{"logTime": "1006/115220", "level": "INFO", "message": "Preference changed: name=extensions.settings, new_value=[object], source=unknown"}
{"logTime": "1006/115220", "level": "INFO", "message": "Preference changed: name=extensions.settings, new_value=[object], source=unknown"}
{"logTime": "1006/115220", "level": "INFO", "message": "Preference changed: name=extensions.settings, new_value=[object], source=unknown"}
{"logTime": "1006/115220", "level": "INFO", "message": "Preference changed: name=extensions.settings, new_value=[object], source=unknown"}
{"logTime": "1006/115220", "level": "INFO", "message": "Preference changed: name=extensions.settings, new_value=[object], source=unknown"}
{"logTime": "1006/115220", "level": "INFO", "message": "Preference changed: name=extensions.settings, new_value=[object], source=unknown"}
{"logTime": "1006/115220", "level": "INFO", "message": "Preference changed: name=extensions.settings, new_value=[object], source=unknown"}
{"logTime": "1006/115220", "level": "INFO", "message": "Preference changed: name=extensions.settings, new_value=[object], source=unknown"}
{"logTime": "1006/115220", "level": "INFO", "message": "Preference changed: name=extensions.settings, new_value=[object], source=unknown"}
{"logTime": "1006/115220", "level": "INFO", "message": "Preference changed: name=extensions.settings, new_value=[object], source=unknown"}
{"logTime": "1006/115220", "level": "INFO", "message": "Preference changed: name=extensions.settings, new_value=[object], source=unknown"}
{"logTime": "1006/115220", "level": "INFO", "message": "Preference changed: name=extensions.settings, new_value=[object], source=unknown"}
{"logTime": "1006/115220", "level": "INFO", "message": "Preference changed: name=extensions.settings, new_value=[object], source=unknown"}
{"logTime": "1006/115220", "level": "INFO", "message": "Preference changed: name=extensions.settings, new_value=[object], source=unknown"}
{"logTime": "1006/115220", "level": "INFO", "message": "Preference changed: name=extensions.settings, new_value=[object], source=unknown"}
{"logTime": "1006/115220", "level": "INFO", "message": "Preference changed: name=extensions.settings, new_value=[object], source=unknown"}
{"logTime": "1006/115220", "level": "INFO", "message": "Preference changed: name=extensions.settings, new_value=[object], source=unknown"}
{"logTime": "1006/115220", "level": "INFO", "message": "Preference changed: name=extensions.settings, new_value=[object], source=unknown"}
{"logTime": "1006/115220", "level": "INFO", "message": "Preference changed: name=extensions.settings, new_value=[object], source=unknown"}
{"logTime": "1006/115220", "level": "INFO", "message": "Preference changed: name=extension.installed_extension_count, new_value=2, source=unknown"}
{"logTime": "1006/115220", "level": "INFO", "message": "Preference changed: name=profile.password_hash_data_list, new_value=[object], source=unknown"}
{"logTime": "1006/115220", "level": "INFO", "message": "Preference changed: name=edge.msa_sso_info.allow_for_non_msa_profile, new_value=true, source=unknown"}
{"logTime": "1006/115220", "level": "INFO", "message": "Preference changed: name=edge.profile_sso_info.is_msa_first_profile, new_value=true, source=unknown"}
{"logTime": "1006/115220", "level": "INFO", "message": "Preference changed: name=edge.profile_sso_info.msa_sso_algo_state, new_value=1, source=unknown"}
{"logTime": "1006/115220", "level": "INFO", "message": "Preference changed: name=browser.available_dark_theme_options, new_value=\"All\", source=unknown"}
{"logTime": "1006/115220", "level": "INFO", "message": "Preference changed: name=schedule_to_flush_to_disk, new_value=\"13435761140885248\", source=unknown"}
{"logTime": "1006/115220", "level": "INFO", "message": "Preference changed: name=schedule_to_flush_to_disk, new_value=\"13435761140886358\", source=unknown"}
{"logTime": "1006/115220", "level": "INFO", "message": "Preference changed: name=muid.last_sync, new_value=\"13435761140886557\", source=unknown"}
{"logTime": "1006/115220", "level": "INFO", "message": "Preference changed: name=commerce_daily_metrics_last_update_time, new_value=\"13435761140886774\", source=unknown"}
{"logTime": "1006/115220", "level": "INFO", "message": "Preference changed: name=extensions.settings, new_value=[object], source=unknown"}
{"logTime": "1006/115220", "level": "INFO", "message": "Preference changed: name=extensions.settings, new_value=[object], source=unknown"}
{"logTime": "1006/115220", "level": "INFO", "message": "Preference changed: name=extensions.settings, new_value=[object], source=unknown"}
{"logTime": "1006/115220", "level": "INFO", "message": "Preference changed: name=extensions.settings, new_value=[object], source=unknown"}
{"logTime": "1006/115220", "level": "INFO", "message": "Preference changed: name=extensions.chrome_url_overrides, new_value=[object], source=unknown"}
{"logTime": "1006/115220", "level": "INFO", "message": "Preference changed: name=extensions.pinned_extensions, new_value=[object], source=unknown"}
{"logTime": "1006/115220", "level": "INFO", "message": "Preference changed: name=extensions.pinned_extension_migration, new_value=true, source=unknown"}
{"logTime": "1006/115220", "level": "INFO", "message": "Preference changed: name=bookmark.storage_computation_last_update, new_value=\"13435761140887391\", source=unknown"}
{"logTime": "1006/115220", "level": "INFO", "message": "Preference changed: name=edge.services.signin_scoped_device_id, new_value=\"6166efcc-50f6-4c32-b4b3-a73f7827e9c7\", source=unknown"}
{"logTime": "1006/115220", "level": "INFO", "message": "Preference changed: name=account_tracker_service_last_update, new_value=\"13435761140887788\", source=unknown"}
{"logTime": "1006/115220", "level": "INFO", "message": "Preference changed: name=autofill.last_version_deduped, new_value=154, source=unknown"}
{"logTime": "1006/115220", "level": "INFO", "message": "Preference changed: name=autofill.edge_autofill_purge_low_quality_profiles_by_timeline, new_value=false, source=unknown"}
{"logTime": "1006/115220", "level": "INFO", "message": "Preference changed: name=optimization_guide.previously_registered_optimization_types, new_value=[object], source=unknown"}
{"logTime": "1006/115220", "level": "INFO", "message": "Preference changed: name=profile.edge_user_with_non_zero_passwords, new_value=false, source=unknown"}
{"logTime": "1006/115220", "level": "INFO", "message": "Preference changed: name=profile.edge_password_is_using_new_login_db_path, new_value=false, source=unknown"}
{"logTime": "1006/115220", "level": "INFO", "message": "Preference changed: name=profile.edge_password_login_db_path_flip_flop_count, new_value=0, source=unknown"}
{"logTime": "1006/115220", "level": "INFO", "message": "Preference changed: name=saved_tab_groups.specifics_to_data_migration, new_value=true, source=unknown"}
{"logTime": "1006/115220", "level": "INFO", "message": "Preference changed: name=credentials_enable_service, new_value=false, source=unknown"}
{"logTime": "1006/115220", "level": "INFO", "message": "Preference changed: name=autofill.credit_card_enabled, new_value=false, source=unknown"}
{"logTime": "1006/115220", "level": "INFO", "message": "Preference changed: name=enable_edge_collections, new_value=false, source=unknown"}
{"logTime": "1006/115220", "level": "INFO", "message": "Preference changed: name=resolve_navigation_errors_use_web_service.enabled, new_value=false, source=unknown"}
{"logTime": "1006/115220", "level": "INFO", "message": "Preference changed: name=alternate_error_pages.enabled, new_value=false, source=unknown"}
{"logTime": "1006/115220", "level": "INFO", "message": "Preference changed: name=webrtc.udp_port_range, new_value=\"0-0\", source=unknown"}
{"logTime": "1006/115220", "level": "INFO", "message": "Preference changed: name=optimization_guide.previously_registered_optimization_types, new_value=[object], source=unknown"}
{"logTime": "1006/115221", "level": "INFO", "message": "Preference changed: name=browser.show_downloads_hub_pinned, new_value=false, source=unknown"}
{"logTime": "1006/115221", "level": "INFO", "message": "Preference changed: name=browser.show_toolbar_edge_generic_sidebar_button, new_value=false, source=unknown"}
{"logTime": "1006/115221", "level": "INFO", "message": "Preference changed: name=in_product_help.session_start_time, new_value=\"13435761141027525\", source=unknown"}
{"logTime": "1006/115221", "level": "INFO", "message": "Preference changed: name=in_product_help.session_number, new_value=2, source=unknown"}
{"logTime": "1006/115221", "level": "INFO", "message": "Preference changed: name=in_product_help.session_last_active_time, new_value=\"13435761141027525\", source=unknown"}
{"logTime": "1006/115221", "level": "INFO", "message": "Preference changed: name=in_product_help.recent_session_enabled_time, new_value=\"13435761141027525\", source=unknown"}
{"logTime": "1006/115221", "level": "INFO", "message": "Preference changed: name=in_product_help.recent_session_start_times, new_value=[object], source=unknown"}
{"logTime": "1006/115221", "level": "INFO", "message": "Preference changed: name=media.engagement.schema_version, new_value=5, source=unknown"}
{"logTime": "1006/115221", "level": "INFO", "message": "Preference changed: name=intl.selected_languages, new_value=\"en-US,en\", source=unknown"}
{"logTime": "1006/115221", "level": "INFO", "message": "Preference changed: name=optimization_guide.previously_registered_optimization_types, new_value=[object], source=unknown"}
{"logTime": "1006/115221", "level": "INFO", "message": "Preference changed: name=profile.content_settings.exceptions.storage_access_header_origin_trial, new_value=[object], source=unknown"}
{"logTime": "1006/115221", "level": "INFO", "message": "Preference changed: name=spellcheck.dictionaries, new_value=[object], source=unknown"}
{"logTime": "1006/115221", "level": "INFO", "message": "Preference changed: name=autocomplete.retention_policy_last_version, new_value=154, source=unknown"}
{"logTime": "1006/115221", "level": "INFO", "message": "Preference changed: name=typosquatting.allowlist_migration_done, new_value=true, source=unknown"}
{"logTime": "1006/115221", "level": "INFO", "message": "Preference changed: name=browser.theme.color_scheme2, new_value=1, source=unknown"}
{"logTime": "1006/115221", "level": "INFO", "message": "Preference changed: name=edge_rewards.cache_data, new_value=\"CAA=\", source=unknown"}
{"logTime": "1006/115221", "level": "INFO", "message": "Preference changed: name=edge_rewards.refresh_status_muted_until, new_value=\"13436365941848498\", source=unknown"}
{"logTime": "1006/115221", "level": "INFO", "message": "Preference changed: name=fsd.retention_policy_last_version, new_value=154, source=unknown"}
{"logTime": "1006/115221", "level": "INFO", "message": "Preference changed: name=sessions.event_log, new_value=[object], source=unknown"}
{"logTime": "1006/115222", "level": "INFO", "message": "Preference changed: name=muid.values_seen, new_value=[object], source=unknown"}
{"logTime": "1006/115223", "level": "INFO", "message": "Preference changed: name=profile.content_settings.exceptions.site_engagement, new_value=[object], source=unknown"}
{"logTime": "1006/115223", "level": "INFO", "message": "Preference changed: name=profile.last_engagement_time, new_value=\"13435761143953134\", source=unknown"}
{"logTime": "1006/115224", "level": "INFO", "message": "Preference changed: name=language_model_counters, new_value=[object], source=unknown"}
{"logTime": "1006/115225", "level": "INFO", "message": "Preference changed: name=profile.is_relative_to_aad, new_value=true, source=unknown"}
{"logTime": "1006/115225", "level": "INFO", "message": "Preference changed: name=personalization_data_consent.personalization_in_context_count, new_value=0, source=unknown"}
{"logTime": "1006/115225", "level": "INFO", "message": "Preference changed: name=personalization_data_consent.personalization_in_context_consent_can_prompt, new_value=true, source=unknown"}
{"logTime": "1006/115226", "level": "INFO", "message": "Preference changed: name=aadc_info.age_group, new_value=0, source=unknown"}
{"logTime": "1006/115227", "level": "INFO", "message": "Preference changed: name=optimization_guide.hintsfetcher.hosts_successfully_fetched, new_value=[object], source=unknown"}
{"logTime": "1006/115230", "level": "INFO", "message": "PrefStore write completed: store=4, success=true"}
{"logTime": "1006/115230", "level": "INFO", "message": "Preference changed: name=edge.bookmarks.last_dup_info_record_time, new_value=\"13435761150888122\", source=unknown"}
{"logTime": "1006/115230", "level": "INFO", "message": "PrefStore write completed: store=4, success=true"}
{"logTime": "1006/115240", "level": "INFO", "message": "PrefStore write completed: store=4, success=true"}
{"logTime": "1006/115250", "level": "INFO", "message": "Preference changed: name=profile.last_time_password_store_metrics_reported, new_value=1791287570.852849, source=unknown"}
{"logTime": "1006/115250", "level": "INFO", "message": "Preference changed: name=edge_wallet.passwords.password_lost_report_date, new_value=\"13435761170853295\", source=unknown"}
{"logTime": "1006/115250", "level": "INFO", "message": "Preference changed: name=total_passwords_available_for_account, new_value=0, source=unknown"}
{"logTime": "1006/115250", "level": "INFO", "message": "Preference changed: name=total_passwords_available_for_profile, new_value=0, source=unknown"}
{"logTime": "1006/115300", "level": "INFO", "message": "PrefStore write completed: store=4, success=true"}
{"logTime": "1006/115320", "level": "INFO", "message": "Preference changed: name=profile.last_time_obsolete_http_credentials_removed, new_value=1791287600.853042, source=unknown"}
{"logTime": "1006/115320", "level": "INFO", "message": "Preference changed: name=profile.were_old_google_logins_removed, new_value=true, source=unknown"}
{"logTime": "1006/115320", "level": "INFO", "message": "Preference changed: name=password_manager.account_store_migrated_to_os_crypt_async, new_value=true, source=unknown"}
{"logTime": "1006/115320", "level": "INFO", "message": "Preference changed: name=password_manager.account_store_backup_password_cleaning_last_timestamp, new_value=\"13435761200853911\", source=unknown"}
{"logTime": "1006/115320", "level": "INFO", "message": "Preference changed: name=profile.last_time_obsolete_http_credentials_removed, new_value=1791287600.854088, source=unknown"}
{"logTime": "1006/115320", "level": "INFO", "message": "Preference changed: name=password_manager.profile_store_migrated_to_os_crypt_async, new_value=true, source=unknown"}
{"logTime": "1006/115320", "level": "INFO", "message": "Preference changed: name=password_manager.profile_store_backup_password_cleaning_last_timestamp, new_value=\"13435761200854553\", source=unknown"}
{"logTime": "1006/115330", "level": "INFO", "message": "PrefStore write completed: store=4, success=true"}
{"logTime": "1006/115824", "level": "INFO", "message": "Preference changed: name=profile.observed_session_time, new_value=[object], source=unknown"}
{"logTime": "1006/115834", "level": "INFO", "message": "PrefStore write completed: store=4, success=true"}
{"logTime": "1006/115837", "level": "INFO", "message": "Preference changed: name=profile.observed_session_time, new_value=[object], source=unknown"}
{"logTime": "1006/115847", "level": "INFO", "message": "PrefStore write completed: store=4, success=true"}
{"logTime": "1006/120214", "level": "INFO", "message": "Preference changed: name=profile.observed_session_time, new_value=[object], source=unknown"}
{"logTime": "1006/120224", "level": "INFO", "message": "PrefStore write completed: store=4, success=true"}
{"logTime": "1006/120226", "level": "INFO", "message": "Preference changed: name=profile.observed_session_time, new_value=[object], source=unknown"}
{"logTime": "1006/120236", "level": "INFO", "message": "PrefStore write completed: store=4, success=true"}
{"logTime": "1006/120241", "level": "INFO", "message": "Preference changed: name=profile.observed_session_time, new_value=[object], source=unknown"}
{"logTime": "1006/120251", "level": "INFO", "message": "PrefStore write completed: store=4, success=true"}
{"logTime": "1006/121814", "level": "INFO", "message": "Preference changed: name=language_dwell_time_average, new_value=[object], source=unknown"}
{"logTime": "1006/121814", "level": "INFO", "message": "Preference changed: name=language_usage_count, new_value=[object], source=unknown"}
{"logTime": "1006/121814", "level": "INFO", "message": "Preference changed: name=language_model_counters, new_value=[object], source=unknown"}
{"logTime": "1006/121824", "level": "INFO", "message": "PrefStore write completed: store=4, success=true"}
{"logTime": "1006/122609", "level": "INFO", "message": "Preference changed: name=profile.observed_session_time, new_value=[object], source=unknown"}
{"logTime": "1006/122619", "level": "INFO", "message": "PrefStore write completed: store=4, success=true"}
{"logTime": "1006/124310", "level": "INFO", "message": "Preference changed: name=language_model_counters, new_value=[object], source=unknown"}
{"logTime": "1006/152254", "level": "INFO", "message": "Preference changed: name=language_dwell_time_average, new_value=[object], source=unknown"}
{"logTime": "1006/152254", "level": "INFO", "message": "Preference changed: name=language_usage_count, new_value=[object], source=unknown"}
{"logTime": "1006/152254", "level": "INFO", "message": "Preference changed: name=profile.content_settings.exceptions.media_engagement, new_value=[object], source=unknown"}
{"logTime": "1006/152254", "level": "INFO", "message": "Preference changed: name=sessions.session_data_status, new_value=2, source=unknown"}
{"logTime": "1006/152254", "level": "INFO", "message": "Preference changed: name=sessions.session_data_status, new_value=3, source=unknown"}
{"logTime": "1006/152255", "level": "INFO", "message": "Preference changed: name=profile.exit_type, new_value=\"Normal\", source=unknown"}
{"logTime": "1007/064019", "level": "INFO", "message": "UserPrefStore loaded: error=NONE (0)"}
{"logTime": "1007/064019", "level": "INFO", "message": "Preference changed: name=optimization_guide.previously_registered_optimization_types, new_value=[object], source=unknown"}
{"logTime": "1007/064019", "level": "INFO", "message": "Preference changed: name=extensions.chrome_url_overrides, new_value=[object], source=unknown"}
{"logTime": "1007/064019", "level": "INFO", "message": "Preference changed: name=sessions.session_data_status, new_value=1, source=unknown"}
{"logTime": "1007/064019", "level": "INFO", "message": "Preference changed: name=sessions.event_log, new_value=[object], source=unknown"}
{"logTime": "1007/064019", "level": "INFO", "message": "Preference changed: name=optimization_guide.previously_registered_optimization_types, new_value=[object], source=unknown"}
{"logTime": "1007/064019", "level": "INFO", "message": "Preference changed: name=optimization_guide.previously_registered_optimization_types, new_value=[object], source=unknown"}
{"logTime": "1007/064019", "level": "INFO", "message": "Preference changed: name=optimization_guide.previously_registered_optimization_types, new_value=[object], source=unknown"}
{"logTime": "1007/064019", "level": "INFO", "message": "Preference changed: name=optimization_guide.previously_registered_optimization_types, new_value=[object], source=unknown"}
{"logTime": "1007/064019", "level": "INFO", "message": "Preference changed: name=optimization_guide.previously_registered_optimization_types, new_value=[object], source=unknown"}
{"logTime": "1007/064019", "level": "INFO", "message": "Preference changed: name=profile.network_pbs, new_value=[object], source=unknown"}
{"logTime": "1007/064019", "level": "INFO", "message": "Preference changed: name=profile.password_hash_data_list, new_value=[object], source=unknown"}
{"logTime": "1007/064019", "level": "INFO", "message": "Preference changed: name=schedule_to_flush_to_disk, new_value=\"13435828819853461\", source=unknown"}
{"logTime": "1007/064019", "level": "INFO", "message": "Preference changed: name=schedule_to_flush_to_disk, new_value=\"13435828819854056\", source=unknown"}
{"logTime": "1007/064019", "level": "INFO", "message": "Preference changed: name=edge.services.signin_scoped_device_id, new_value=\"fa67d8f1-d390-4bc2-9f68-14217c5b4954\", source=unknown"}
{"logTime": "1007/064019", "level": "INFO", "message": "Preference changed: name=extensions.chrome_url_overrides, new_value=[object], source=unknown"}
{"logTime": "1007/064019", "level": "INFO", "message": "Preference changed: name=optimization_guide.previously_registered_optimization_types, new_value=[object], source=unknown"}
{"logTime": "1007/064019", "level": "INFO", "message": "Preference changed: name=autofill.credit_card_enabled, new_value=false, source=unknown"}
{"logTime": "1007/064019", "level": "INFO", "message": "Preference changed: name=enable_edge_collections, new_value=false, source=unknown"}
{"logTime": "1007/064019", "level": "INFO", "message": "Preference changed: name=resolve_navigation_errors_use_web_service.enabled, new_value=false, source=unknown"}
{"logTime": "1007/064019", "level": "INFO", "message": "Preference changed: name=alternate_error_pages.enabled, new_value=false, source=unknown"}
{"logTime": "1007/064019", "level": "INFO", "message": "Preference changed: name=optimization_guide.previously_registered_optimization_types, new_value=[object], source=unknown"}
{"logTime": "1007/064019", "level": "INFO", "message": "Preference changed: name=in_product_help.session_start_time, new_value=\"13435828819940840\", source=unknown"}
{"logTime": "1007/064019", "level": "INFO", "message": "Preference changed: name=in_product_help.session_number, new_value=3, source=unknown"}
{"logTime": "1007/064019", "level": "INFO", "message": "Preference changed: name=in_product_help.session_last_active_time, new_value=\"13435828819940840\", source=unknown"}
{"logTime": "1007/064019", "level": "INFO", "message": "Preference changed: name=in_product_help.recent_session_start_times, new_value=[object], source=unknown"}
{"logTime": "1007/064019", "level": "INFO", "message": "Preference changed: name=optimization_guide.previously_registered_optimization_types, new_value=[object], source=unknown"}
{"logTime": "1007/064019", "level": "INFO", "message": "Preference changed: name=profile.content_settings.exceptions.storage_access_header_origin_trial, new_value=[object], source=unknown"}
{"logTime": "1007/064020", "level": "INFO", "message": "Preference changed: name=edge_rewards.coachmark_promotions, new_value=[object], source=unknown"}
{"logTime": "1007/064020", "level": "INFO", "message": "Preference changed: name=edge_rewards.hva_promotions, new_value=[object], source=unknown"}
{"logTime": "1007/064020", "level": "INFO", "message": "Preference changed: name=profile.content_settings.exceptions.site_engagement, new_value=[object], source=unknown"}
{"logTime": "1007/064020", "level": "INFO", "message": "Preference changed: name=profile.last_engagement_time, new_value=\"13435800020640976\", source=unknown"}
{"logTime": "1007/064020", "level": "INFO", "message": "Preference changed: name=profile.content_settings.exceptions.site_engagement, new_value=[object], source=unknown"}
{"logTime": "1007/064020", "level": "INFO", "message": "Preference changed: name=profile.last_engagement_time, new_value=\"13435828820903733\", source=unknown"}
{"logTime": "1007/064020", "level": "INFO", "message": "Preference changed: name=language_model_counters, new_value=[object], source=unknown"}
{"logTime": "1007/064021", "level": "INFO", "message": "Preference changed: name=profile.content_settings.exceptions.site_engagement, new_value=[object], source=unknown"}
{"logTime": "1007/064021", "level": "INFO", "message": "Preference changed: name=profile.last_engagement_time, new_value=\"13435828821498109\", source=unknown"}
{"logTime": "1007/064029", "level": "INFO", "message": "PrefStore write completed: store=4, success=true"}
{"logTime": "1007/064029", "level": "INFO", "message": "PrefStore write completed: store=4, success=true"}
{"logTime": "1007/073221", "level": "INFO", "message": "Preference changed: name=sessions.event_log, new_value=[object], source=unknown"}
{"logTime": "1007/073231", "level": "INFO", "message": "PrefStore write completed: store=4, success=true"}
{"logTime": "1007/073520", "level": "INFO", "message": "Preference changed: name=language_dwell_time_average, new_value=[object], source=unknown"}
{"logTime": "1007/073520", "level": "INFO", "message": "Preference changed: name=language_usage_count, new_value=[object], source=unknown"}
{"logTime": "1007/073520", "level": "INFO", "message": "Preference changed: name=profile.content_settings.exceptions.media_engagement, new_value=[object], source=unknown"}
{"logTime": "1007/073520", "level": "INFO", "message": "Preference changed: name=profile.content_settings.exceptions.media_engagement, new_value=[object], source=unknown"}
{"logTime": "1007/073520", "level": "INFO", "message": "Preference changed: name=sessions.session_data_status, new_value=2, source=unknown"}
{"logTime": "1007/073520", "level": "INFO", "message": "Preference changed: name=sessions.session_data_status, new_value=3, source=unknown"}
{"logTime": "1007/073553", "level": "INFO", "message": "UserPrefStore loaded: error=NONE (0)"}
{"logTime": "1007/073553", "level": "INFO", "message": "Preference changed: name=optimization_guide.previously_registered_optimization_types, new_value=[object], source=unknown"}
{"logTime": "1007/073553", "level": "INFO", "message": "Preference changed: name=extensions.chrome_url_overrides, new_value=[object], source=unknown"}
{"logTime": "1007/073553", "level": "INFO", "message": "Preference changed: name=sessions.session_data_status, new_value=1, source=unknown"}
{"logTime": "1007/073553", "level": "INFO", "message": "Preference changed: name=sessions.event_log, new_value=[object], source=unknown"}
{"logTime": "1007/073553", "level": "INFO", "message": "Preference changed: name=optimization_guide.previously_registered_optimization_types, new_value=[object], source=unknown"}
{"logTime": "1007/073553", "level": "INFO", "message": "Preference changed: name=optimization_guide.previously_registered_optimization_types, new_value=[object], source=unknown"}
{"logTime": "1007/073553", "level": "INFO", "message": "Preference changed: name=optimization_guide.previously_registered_optimization_types, new_value=[object], source=unknown"}
{"logTime": "1007/073553", "level": "INFO", "message": "Preference changed: name=optimization_guide.previously_registered_optimization_types, new_value=[object], source=unknown"}
{"logTime": "1007/073553", "level": "INFO", "message": "Preference changed: name=optimization_guide.previously_registered_optimization_types, new_value=[object], source=unknown"}
{"logTime": "1007/073553", "level": "INFO", "message": "Preference changed: name=profile.network_pbs, new_value=[object], source=unknown"}
{"logTime": "1007/073553", "level": "INFO", "message": "Preference changed: name=profile.password_hash_data_list, new_value=[object], source=unknown"}
{"logTime": "1007/073553", "level": "INFO", "message": "Preference changed: name=schedule_to_flush_to_disk, new_value=\"13435832153240171\", source=unknown"}
{"logTime": "1007/073553", "level": "INFO", "message": "Preference changed: name=schedule_to_flush_to_disk, new_value=\"13435832153241500\", source=unknown"}
{"logTime": "1007/073553", "level": "INFO", "message": "Preference changed: name=edge.services.signin_scoped_device_id, new_value=\"89cb1b9e-112f-4e29-a245-0f7ebd13d49f\", source=unknown"}
{"logTime": "1007/073553", "level": "INFO", "message": "Preference changed: name=optimization_guide.previously_registered_optimization_types, new_value=[object], source=unknown"}
{"logTime": "1007/073553", "level": "INFO", "message": "Preference changed: name=extensions.chrome_url_overrides, new_value=[object], source=unknown"}
{"logTime": "1007/073553", "level": "INFO", "message": "Preference changed: name=autofill.credit_card_enabled, new_value=false, source=unknown"}
{"logTime": "1007/073553", "level": "INFO", "message": "Preference changed: name=enable_edge_collections, new_value=false, source=unknown"}
{"logTime": "1007/073553", "level": "INFO", "message": "Preference changed: name=resolve_navigation_errors_use_web_service.enabled, new_value=false, source=unknown"}
{"logTime": "1007/073553", "level": "INFO", "message": "Preference changed: name=alternate_error_pages.enabled, new_value=false, source=unknown"}
{"logTime": "1007/073553", "level": "INFO", "message": "Preference changed: name=optimization_guide.previously_registered_optimization_types, new_value=[object], source=unknown"}
{"logTime": "1007/073553", "level": "INFO", "message": "Preference changed: name=in_product_help.session_last_active_time, new_value=\"13435832153324613\", source=unknown"}
{"logTime": "1007/073553", "level": "INFO", "message": "Preference changed: name=optimization_guide.previously_registered_optimization_types, new_value=[object], source=unknown"}
{"logTime": "1007/073553", "level": "INFO", "message": "Preference changed: name=profile.content_settings.exceptions.storage_access_header_origin_trial, new_value=[object], source=unknown"}
{"logTime": "1007/073553", "level": "INFO", "message": "Preference changed: name=edge_rewards.coachmark_promotions, new_value=[object], source=unknown"}
{"logTime": "1007/073553", "level": "INFO", "message": "Preference changed: name=edge_rewards.hva_promotions, new_value=[object], source=unknown"}
{"logTime": "1007/073553", "level": "INFO", "message": "Preference changed: name=profile.content_settings.exceptions.site_engagement, new_value=[object], source=unknown"}
{"logTime": "1007/073553", "level": "INFO", "message": "Preference changed: name=profile.last_engagement_time, new_value=\"13435832153978478\", source=unknown"}
{"logTime": "1007/073554", "level": "INFO", "message": "Preference changed: name=profile.content_settings.exceptions.site_engagement, new_value=[object], source=unknown"}
{"logTime": "1007/073554", "level": "INFO", "message": "Preference changed: name=profile.last_engagement_time, new_value=\"13435832154015737\", source=unknown"}
{"logTime": "1007/073554", "level": "INFO", "message": "Preference changed: name=language_model_counters, new_value=[object], source=unknown"}
{"logTime": "1007/073603", "level": "INFO", "message": "PrefStore write completed: store=4, success=true"}
{"logTime": "1007/073603", "level": "INFO", "message": "PrefStore write completed: store=4, success=true"}
{"logTime": "1007/073643", "level": "INFO", "message": "Preference changed: name=sessions.event_log, new_value=[object], source=unknown"}
{"logTime": "1007/073653", "level": "INFO", "message": "PrefStore write completed: store=4, success=true"}
{"logTime": "1007/084827", "level": "INFO", "message": "Preference changed: name=language_dwell_time_average, new_value=[object], source=unknown"}
{"logTime": "1007/084827", "level": "INFO", "message": "Preference changed: name=language_usage_count, new_value=[object], source=unknown"}
{"logTime": "1007/084827", "level": "INFO", "message": "Preference changed: name=language_model_counters, new_value=[object], source=unknown"}
{"logTime": "1007/084837", "level": "INFO", "message": "PrefStore write completed: store=4, success=true"}
{"logTime": "1007/084957", "level": "INFO", "message": "Preference changed: name=language_dwell_time_average, new_value=[object], source=unknown"}
{"logTime": "1007/084957", "level": "INFO", "message": "Preference changed: name=language_usage_count, new_value=[object], source=unknown"}
{"logTime": "1007/084957", "level": "INFO", "message": "Preference changed: name=profile.content_settings.exceptions.media_engagement, new_value=[object], source=unknown"}
{"logTime": "1007/084958", "level": "INFO", "message": "Preference changed: name=language_dwell_time_average, new_value=[object], source=unknown"}
{"logTime": "1007/084958", "level": "INFO", "message": "Preference changed: name=language_usage_count, new_value=[object], source=unknown"}
{"logTime": "1007/084958", "level": "INFO", "message": "Preference changed: name=profile.content_settings.exceptions.media_engagement, new_value=[object], source=unknown"}
{"logTime": "1007/084958", "level": "INFO", "message": "Preference changed: name=sessions.session_data_status, new_value=2, source=unknown"}
{"logTime": "1007/084958", "level": "INFO", "message": "Preference changed: name=sessions.session_data_status, new_value=3, source=unknown"}
{"logTime": "1007/085029", "level": "INFO", "message": "UserPrefStore loaded: error=NONE (0)"}
{"logTime": "1007/085029", "level": "INFO", "message": "Preference changed: name=optimization_guide.previously_registered_optimization_types, new_value=[object], source=unknown"}
{"logTime": "1007/085029", "level": "INFO", "message": "Preference changed: name=extensions.chrome_url_overrides, new_value=[object], source=unknown"}
{"logTime": "1007/085029", "level": "INFO", "message": "Preference changed: name=sessions.session_data_status, new_value=1, source=unknown"}
{"logTime": "1007/085029", "level": "INFO", "message": "Preference changed: name=sessions.event_log, new_value=[object], source=unknown"}
{"logTime": "1007/085029", "level": "INFO", "message": "Preference changed: name=optimization_guide.previously_registered_optimization_types, new_value=[object], source=unknown"}
{"logTime": "1007/085029", "level": "INFO", "message": "Preference changed: name=optimization_guide.previously_registered_optimization_types, new_value=[object], source=unknown"}
{"logTime": "1007/085029", "level": "INFO", "message": "Preference changed: name=optimization_guide.previously_registered_optimization_types, new_value=[object], source=unknown"}
{"logTime": "1007/085029", "level": "INFO", "message": "Preference changed: name=optimization_guide.previously_registered_optimization_types, new_value=[object], source=unknown"}
{"logTime": "1007/085029", "level": "INFO", "message": "Preference changed: name=optimization_guide.previously_registered_optimization_types, new_value=[object], source=unknown"}
{"logTime": "1007/085029", "level": "INFO", "message": "Preference changed: name=profile.network_pbs, new_value=[object], source=unknown"}
{"logTime": "1007/085029", "level": "INFO", "message": "Preference changed: name=profile.password_hash_data_list, new_value=[object], source=unknown"}
{"logTime": "1007/085029", "level": "INFO", "message": "Preference changed: name=schedule_to_flush_to_disk, new_value=\"13435836629070958\", source=unknown"}
{"logTime": "1007/085029", "level": "INFO", "message": "Preference changed: name=schedule_to_flush_to_disk, new_value=\"13435836629072383\", source=unknown"}
{"logTime": "1007/085029", "level": "INFO", "message": "Preference changed: name=extensions.chrome_url_overrides, new_value=[object], source=unknown"}
{"logTime": "1007/085029", "level": "INFO", "message": "Preference changed: name=edge.services.signin_scoped_device_id, new_value=\"ccb13bb4-0a72-46a8-9d8d-e2cb73ee8ed1\", source=unknown"}
{"logTime": "1007/085029", "level": "INFO", "message": "Preference changed: name=optimization_guide.previously_registered_optimization_types, new_value=[object], source=unknown"}
{"logTime": "1007/085029", "level": "INFO", "message": "Preference changed: name=autofill.credit_card_enabled, new_value=false, source=unknown"}
{"logTime": "1007/085029", "level": "INFO", "message": "Preference changed: name=enable_edge_collections, new_value=false, source=unknown"}
{"logTime": "1007/085029", "level": "INFO", "message": "Preference changed: name=resolve_navigation_errors_use_web_service.enabled, new_value=false, source=unknown"}
{"logTime": "1007/085029", "level": "INFO", "message": "Preference changed: name=alternate_error_pages.enabled, new_value=false, source=unknown"}
{"logTime": "1007/085029", "level": "INFO", "message": "Preference changed: name=optimization_guide.previously_registered_optimization_types, new_value=[object], source=unknown"}
{"logTime": "1007/085029", "level": "INFO", "message": "Preference changed: name=in_product_help.session_last_active_time, new_value=\"13435836629154678\", source=unknown"}
{"logTime": "1007/085029", "level": "INFO", "message": "Preference changed: name=optimization_guide.previously_registered_optimization_types, new_value=[object], source=unknown"}
{"logTime": "1007/085029", "level": "INFO", "message": "Preference changed: name=profile.content_settings.exceptions.storage_access_header_origin_trial, new_value=[object], source=unknown"}
{"logTime": "1007/085029", "level": "INFO", "message": "Preference changed: name=edge_rewards.coachmark_promotions, new_value=[object], source=unknown"}
{"logTime": "1007/085029", "level": "INFO", "message": "Preference changed: name=edge_rewards.hva_promotions, new_value=[object], source=unknown"}
{"logTime": "1007/085029", "level": "INFO", "message": "Preference changed: name=profile.content_settings.exceptions.site_engagement, new_value=[object], source=unknown"}
{"logTime": "1007/085029", "level": "INFO", "message": "Preference changed: name=profile.last_engagement_time, new_value=\"13435836629656932\", source=unknown"}
{"logTime": "1007/085029", "level": "INFO", "message": "Preference changed: name=profile.content_settings.exceptions.site_engagement, new_value=[object], source=unknown"}
{"logTime": "1007/085029", "level": "INFO", "message": "Preference changed: name=profile.last_engagement_time, new_value=\"13435836629662046\", source=unknown"}
{"logTime": "1007/085029", "level": "INFO", "message": "Preference changed: name=language_model_counters, new_value=[object], source=unknown"}
{"logTime": "1007/085039", "level": "INFO", "message": "PrefStore write completed: store=4, success=true"}
{"logTime": "1007/085039", "level": "INFO", "message": "PrefStore write completed: store=4, success=true"}
{"logTime": "1007/085151", "level": "INFO", "message": "Preference changed: name=sessions.event_log, new_value=[object], source=unknown"}
{"logTime": "1007/085201", "level": "INFO", "message": "PrefStore write completed: store=4, success=true"}
{"logTime": "1007/085453", "level": "INFO", "message": "Preference changed: name=language_dwell_time_average, new_value=[object], source=unknown"}
{"logTime": "1007/085453", "level": "INFO", "message": "Preference changed: name=language_usage_count, new_value=[object], source=unknown"}
{"logTime": "1007/085453", "level": "INFO", "message": "Preference changed: name=profile.content_settings.exceptions.media_engagement, new_value=[object], source=unknown"}
{"logTime": "1007/085453", "level": "INFO", "message": "Preference changed: name=language_dwell_time_average, new_value=[object], source=unknown"}
{"logTime": "1007/085453", "level": "INFO", "message": "Preference changed: name=language_usage_count, new_value=[object], source=unknown"}
{"logTime": "1007/085453", "level": "INFO", "message": "Preference changed: name=profile.content_settings.exceptions.media_engagement, new_value=[object], source=unknown"}
{"logTime": "1007/085453", "level": "INFO", "message": "Preference changed: name=sessions.session_data_status, new_value=2, source=unknown"}
{"logTime": "1007/085453", "level": "INFO", "message": "Preference changed: name=sessions.session_data_status, new_value=3, source=unknown"}
{"logTime": "1007/085521", "level": "INFO", "message": "UserPrefStore loaded: error=NONE (0)"}
{"logTime": "1007/085521", "level": "INFO", "message": "Preference changed: name=optimization_guide.previously_registered_optimization_types, new_value=[object], source=unknown"}
{"logTime": "1007/085521", "level": "INFO", "message": "Preference changed: name=extensions.chrome_url_overrides, new_value=[object], source=unknown"}
{"logTime": "1007/085521", "level": "INFO", "message": "Preference changed: name=sessions.session_data_status, new_value=1, source=unknown"}
{"logTime": "1007/085521", "level": "INFO", "message": "Preference changed: name=sessions.event_log, new_value=[object], source=unknown"}
{"logTime": "1007/085521", "level": "INFO", "message": "Preference changed: name=optimization_guide.previously_registered_optimization_types, new_value=[object], source=unknown"}
{"logTime": "1007/085521", "level": "INFO", "message": "Preference changed: name=optimization_guide.previously_registered_optimization_types, new_value=[object], source=unknown"}
{"logTime": "1007/085521", "level": "INFO", "message": "Preference changed: name=optimization_guide.previously_registered_optimization_types, new_value=[object], source=unknown"}
{"logTime": "1007/085521", "level": "INFO", "message": "Preference changed: name=optimization_guide.previously_registered_optimization_types, new_value=[object], source=unknown"}
{"logTime": "1007/085521", "level": "INFO", "message": "Preference changed: name=optimization_guide.previously_registered_optimization_types, new_value=[object], source=unknown"}
{"logTime": "1007/085521", "level": "INFO", "message": "Preference changed: name=profile.network_pbs, new_value=[object], source=unknown"}
{"logTime": "1007/085521", "level": "INFO", "message": "Preference changed: name=profile.password_hash_data_list, new_value=[object], source=unknown"}
{"logTime": "1007/085521", "level": "INFO", "message": "Preference changed: name=schedule_to_flush_to_disk, new_value=\"13435836921845310\", source=unknown"}
{"logTime": "1007/085521", "level": "INFO", "message": "Preference changed: name=schedule_to_flush_to_disk, new_value=\"13435836921845942\", source=unknown"}
{"logTime": "1007/085521", "level": "INFO", "message": "Preference changed: name=edge.services.signin_scoped_device_id, new_value=\"d9cae71e-975b-4e76-9d84-a4b9a5039fd4\", source=unknown"}
{"logTime": "1007/085521", "level": "INFO", "message": "Preference changed: name=optimization_guide.previously_registered_optimization_types, new_value=[object], source=unknown"}
{"logTime": "1007/085521", "level": "INFO", "message": "Preference changed: name=extensions.chrome_url_overrides, new_value=[object], source=unknown"}
{"logTime": "1007/085521", "level": "INFO", "message": "Preference changed: name=autofill.credit_card_enabled, new_value=false, source=unknown"}
{"logTime": "1007/085521", "level": "INFO", "message": "Preference changed: name=enable_edge_collections, new_value=false, source=unknown"}
{"logTime": "1007/085521", "level": "INFO", "message": "Preference changed: name=resolve_navigation_errors_use_web_service.enabled, new_value=false, source=unknown"}
{"logTime": "1007/085521", "level": "INFO", "message": "Preference changed: name=alternate_error_pages.enabled, new_value=false, source=unknown"}
{"logTime": "1007/085521", "level": "INFO", "message": "Preference changed: name=optimization_guide.previously_registered_optimization_types, new_value=[object], source=unknown"}
{"logTime": "1007/085521", "level": "INFO", "message": "Preference changed: name=in_product_help.session_last_active_time, new_value=\"13435836921907463\", source=unknown"}
{"logTime": "1007/085521", "level": "INFO", "message": "Preference changed: name=optimization_guide.previously_registered_optimization_types, new_value=[object], source=unknown"}
{"logTime": "1007/085521", "level": "INFO", "message": "Preference changed: name=profile.content_settings.exceptions.storage_access_header_origin_trial, new_value=[object], source=unknown"}
{"logTime": "1007/085522", "level": "INFO", "message": "Preference changed: name=edge_rewards.coachmark_promotions, new_value=[object], source=unknown"}
{"logTime": "1007/085522", "level": "INFO", "message": "Preference changed: name=edge_rewards.hva_promotions, new_value=[object], source=unknown"}
{"logTime": "1007/085522", "level": "INFO", "message": "Preference changed: name=profile.content_settings.exceptions.site_engagement, new_value=[object], source=unknown"}
{"logTime": "1007/085522", "level": "INFO", "message": "Preference changed: name=profile.last_engagement_time, new_value=\"13435836922319157\", source=unknown"}
{"logTime": "1007/085522", "level": "INFO", "message": "Preference changed: name=profile.content_settings.exceptions.site_engagement, new_value=[object], source=unknown"}
{"logTime": "1007/085522", "level": "INFO", "message": "Preference changed: name=profile.last_engagement_time, new_value=\"13435836922324877\", source=unknown"}
{"logTime": "1007/085522", "level": "INFO", "message": "Preference changed: name=language_model_counters, new_value=[object], source=unknown"}
{"logTime": "1007/085531", "level": "INFO", "message": "PrefStore write completed: store=4, success=true"}
{"logTime": "1007/085531", "level": "INFO", "message": "PrefStore write completed: store=4, success=true"}
{"logTime": "1007/085718", "level": "INFO", "message": "Preference changed: name=sessions.event_log, new_value=[object], source=unknown"}
{"logTime": "1007/085728", "level": "INFO", "message": "PrefStore write completed: store=4, success=true"}
{"logTime": "1007/085755", "level": "INFO", "message": "Preference changed: name=language_dwell_time_average, new_value=[object], source=unknown"}
{"logTime": "1007/085755", "level": "INFO", "message": "Preference changed: name=language_usage_count, new_value=[object], source=unknown"}
{"logTime": "1007/085755", "level": "INFO", "message": "Preference changed: name=language_model_counters, new_value=[object], source=unknown"}
{"logTime": "1007/085805", "level": "INFO", "message": "PrefStore write completed: store=4, success=true"}
{"logTime": "1007/085900", "level": "INFO", "message": "Preference changed: name=language_dwell_time_average, new_value=[object], source=unknown"}
{"logTime": "1007/085900", "level": "INFO", "message": "Preference changed: name=language_usage_count, new_value=[object], source=unknown"}
{"logTime": "1007/085900", "level": "INFO", "message": "Preference changed: name=profile.content_settings.exceptions.media_engagement, new_value=[object], source=unknown"}
{"logTime": "1007/085900", "level": "INFO", "message": "Preference changed: name=language_dwell_time_average, new_value=[object], source=unknown"}
{"logTime": "1007/085900", "level": "INFO", "message": "Preference changed: name=language_usage_count, new_value=[object], source=unknown"}
{"logTime": "1007/085900", "level": "INFO", "message": "Preference changed: name=profile.content_settings.exceptions.media_engagement, new_value=[object], source=unknown"}
{"logTime": "1007/085900", "level": "INFO", "message": "Preference changed: name=sessions.session_data_status, new_value=2, source=unknown"}
{"logTime": "1007/085900", "level": "INFO", "message": "Preference changed: name=sessions.session_data_status, new_value=3, source=unknown"}
{"logTime": "1007/085927", "level": "INFO", "message": "UserPrefStore loaded: error=NONE (0)"}
{"logTime": "1007/085927", "level": "INFO", "message": "Preference changed: name=optimization_guide.previously_registered_optimization_types, new_value=[object], source=unknown"}
{"logTime": "1007/085927", "level": "INFO", "message": "Preference changed: name=extensions.chrome_url_overrides, new_value=[object], source=unknown"}
{"logTime": "1007/085927", "level": "INFO", "message": "Preference changed: name=sessions.session_data_status, new_value=1, source=unknown"}
{"logTime": "1007/085927", "level": "INFO", "message": "Preference changed: name=sessions.event_log, new_value=[object], source=unknown"}
{"logTime": "1007/085927", "level": "INFO", "message": "Preference changed: name=optimization_guide.previously_registered_optimization_types, new_value=[object], source=unknown"}
{"logTime": "1007/085927", "level": "INFO", "message": "Preference changed: name=optimization_guide.previously_registered_optimization_types, new_value=[object], source=unknown"}
{"logTime": "1007/085927", "level": "INFO", "message": "Preference changed: name=optimization_guide.previously_registered_optimization_types, new_value=[object], source=unknown"}
{"logTime": "1007/085927", "level": "INFO", "message": "Preference changed: name=optimization_guide.previously_registered_optimization_types, new_value=[object], source=unknown"}
{"logTime": "1007/085927", "level": "INFO", "message": "Preference changed: name=optimization_guide.previously_registered_optimization_types, new_value=[object], source=unknown"}
{"logTime": "1007/085927", "level": "INFO", "message": "Preference changed: name=profile.network_pbs, new_value=[object], source=unknown"}
{"logTime": "1007/085927", "level": "INFO", "message": "Preference changed: name=profile.password_hash_data_list, new_value=[object], source=unknown"}
{"logTime": "1007/085927", "level": "INFO", "message": "Preference changed: name=schedule_to_flush_to_disk, new_value=\"13435837167594772\", source=unknown"}
{"logTime": "1007/085927", "level": "INFO", "message": "Preference changed: name=schedule_to_flush_to_disk, new_value=\"13435837167595395\", source=unknown"}
{"logTime": "1007/085927", "level": "INFO", "message": "Preference changed: name=edge.services.signin_scoped_device_id, new_value=\"0d9ce7ea-0753-4339-b7e2-83e952409e7c\", source=unknown"}
{"logTime": "1007/085927", "level": "INFO", "message": "Preference changed: name=optimization_guide.previously_registered_optimization_types, new_value=[object], source=unknown"}
{"logTime": "1007/085927", "level": "INFO", "message": "Preference changed: name=extensions.chrome_url_overrides, new_value=[object], source=unknown"}
{"logTime": "1007/085927", "level": "INFO", "message": "Preference changed: name=autofill.credit_card_enabled, new_value=false, source=unknown"}
{"logTime": "1007/085927", "level": "INFO", "message": "Preference changed: name=enable_edge_collections, new_value=false, source=unknown"}
{"logTime": "1007/085927", "level": "INFO", "message": "Preference changed: name=resolve_navigation_errors_use_web_service.enabled, new_value=false, source=unknown"}
{"logTime": "1007/085927", "level": "INFO", "message": "Preference changed: name=alternate_error_pages.enabled, new_value=false, source=unknown"}
{"logTime": "1007/085927", "level": "INFO", "message": "Preference changed: name=optimization_guide.previously_registered_optimization_types, new_value=[object], source=unknown"}
{"logTime": "1007/085927", "level": "INFO", "message": "Preference changed: name=in_product_help.session_last_active_time, new_value=\"13435837167645532\", source=unknown"}
{"logTime": "1007/085927", "level": "INFO", "message": "Preference changed: name=optimization_guide.previously_registered_optimization_types, new_value=[object], source=unknown"}
{"logTime": "1007/085927", "level": "INFO", "message": "Preference changed: name=profile.content_settings.exceptions.storage_access_header_origin_trial, new_value=[object], source=unknown"}
{"logTime": "1007/085927", "level": "INFO", "message": "Preference changed: name=edge_rewards.coachmark_promotions, new_value=[object], source=unknown"}
{"logTime": "1007/085927", "level": "INFO", "message": "Preference changed: name=edge_rewards.hva_promotions, new_value=[object], source=unknown"}
{"logTime": "1007/085927", "level": "INFO", "message": "Preference changed: name=profile.content_settings.exceptions.site_engagement, new_value=[object], source=unknown"}
{"logTime": "1007/085927", "level": "INFO", "message": "Preference changed: name=profile.last_engagement_time, new_value=\"13435837167921434\", source=unknown"}
{"logTime": "1007/085927", "level": "INFO", "message": "Preference changed: name=profile.last_engagement_time, new_value=\"13435837167957209\", source=unknown"}
{"logTime": "1007/085928", "level": "INFO", "message": "Preference changed: name=language_model_counters, new_value=[object], source=unknown"}
{"logTime": "1007/085937", "level": "INFO", "message": "PrefStore write completed: store=4, success=true"}
{"logTime": "1007/085937", "level": "INFO", "message": "PrefStore write completed: store=4, success=true"}
{"logTime": "1007/090850", "level": "INFO", "message": "Preference changed: name=sessions.event_log, new_value=[object], source=unknown"}
{"logTime": "1007/090900", "level": "INFO", "message": "PrefStore write completed: store=4, success=true"}
{"logTime": "1007/093914", "level": "INFO", "message": "Preference changed: name=language_model_counters, new_value=[object], source=unknown"}
{"logTime": "1007/103752", "level": "INFO", "message": "Preference changed: name=language_dwell_time_average, new_value=[object], source=unknown"}
{"logTime": "1007/103752", "level": "INFO", "message": "Preference changed: name=language_usage_count, new_value=[object], source=unknown"}
{"logTime": "1007/103752", "level": "INFO", "message": "Preference changed: name=language_model_counters, new_value=[object], source=unknown"}
{"logTime": "1007/103802", "level": "INFO", "message": "PrefStore write completed: store=4, success=true"}
{"logTime": "1007/103802", "level": "INFO", "message": "Preference changed: name=language_dwell_time_average, new_value=[object], source=unknown"}
{"logTime": "1007/103802", "level": "INFO", "message": "Preference changed: name=language_usage_count, new_value=[object], source=unknown"}
{"logTime": "1007/103802", "level": "INFO", "message": "Preference changed: name=language_model_counters, new_value=[object], source=unknown"}
{"logTime": "1007/103812", "level": "INFO", "message": "PrefStore write completed: store=4, success=true"}
{"logTime": "1007/105044", "level": "INFO", "message": "Preference changed: name=language_dwell_time_average, new_value=[object], source=unknown"}
{"logTime": "1007/105044", "level": "INFO", "message": "Preference changed: name=language_usage_count, new_value=[object], source=unknown"}
{"logTime": "1007/105044", "level": "INFO", "message": "Preference changed: name=language_model_counters, new_value=[object], source=unknown"}
{"logTime": "1007/105054", "level": "INFO", "message": "PrefStore write completed: store=4, success=true"}
{"logTime": "1007/111039", "level": "INFO", "message": "Preference changed: name=language_model_counters, new_value=[object], source=unknown"}
{"logTime": "1007/111101", "level": "INFO", "message": "Preference changed: name=language_dwell_time_average, new_value=[object], source=unknown"}
{"logTime": "1007/111101", "level": "INFO", "message": "Preference changed: name=language_usage_count, new_value=[object], source=unknown"}
{"logTime": "1007/111101", "level": "INFO", "message": "Preference changed: name=language_model_counters, new_value=[object], source=unknown"}
{"logTime": "1007/111111", "level": "INFO", "message": "PrefStore write completed: store=4, success=true"}
{"logTime": "1007/111133", "level": "INFO", "message": "Preference changed: name=language_model_counters, new_value=[object], source=unknown"}
{"logTime": "1007/111142", "level": "INFO", "message": "Preference changed: name=language_dwell_time_average, new_value=[object], source=unknown"}
{"logTime": "1007/111142", "level": "INFO", "message": "Preference changed: name=language_usage_count, new_value=[object], source=unknown"}
{"logTime": "1007/111152", "level": "INFO", "message": "PrefStore write completed: store=4, success=true"}
{"logTime": "1007/112448", "level": "INFO", "message": "Preference changed: name=language_model_counters, new_value=[object], source=unknown"}
{"logTime": "1007/112451", "level": "INFO", "message": "Preference changed: name=language_model_counters, new_value=[object], source=unknown"}
{"logTime": "1007/112503", "level": "INFO", "message": "Preference changed: name=language_dwell_time_average, new_value=[object], source=unknown"}
{"logTime": "1007/112503", "level": "INFO", "message": "Preference changed: name=language_usage_count, new_value=[object], source=unknown"}
{"logTime": "1007/112503", "level": "INFO", "message": "Preference changed: name=language_model_counters, new_value=[object], source=unknown"}
{"logTime": "1007/112508", "level": "INFO", "message": "Preference changed: name=language_dwell_time_average, new_value=[object], source=unknown"}
{"logTime": "1007/112508", "level": "INFO", "message": "Preference changed: name=language_usage_count, new_value=[object], source=unknown"}
{"logTime": "1007/112513", "level": "INFO", "message": "PrefStore write completed: store=4, success=true"}
{"logTime": "1007/112612", "level": "INFO", "message": "Preference changed: name=language_model_counters, new_value=[object], source=unknown"}
{"logTime": "1007/112614", "level": "INFO", "message": "Preference changed: name=language_model_counters, new_value=[object], source=unknown"}
{"logTime": "1007/112914", "level": "INFO", "message": "Preference changed: name=profile.observed_session_time, new_value=[object], source=unknown"}
{"logTime": "1007/112919", "level": "INFO", "message": "Preference changed: name=profile.observed_session_time, new_value=[object], source=unknown"}
{"logTime": "1007/112924", "level": "INFO", "message": "PrefStore write completed: store=4, success=true"}
{"logTime": "1007/113236", "level": "INFO", "message": "Preference changed: name=language_dwell_time_average, new_value=[object], source=unknown"}
{"logTime": "1007/113236", "level": "INFO", "message": "Preference changed: name=language_usage_count, new_value=[object], source=unknown"}
{"logTime": "1007/113236", "level": "INFO", "message": "Preference changed: name=language_model_counters, new_value=[object], source=unknown"}
{"logTime": "1007/113246", "level": "INFO", "message": "PrefStore write completed: store=4, success=true"}
{"logTime": "1007/113508", "level": "INFO", "message": "Preference changed: name=language_dwell_time_average, new_value=[object], source=unknown"}
{"logTime": "1007/113508", "level": "INFO", "message": "Preference changed: name=language_usage_count, new_value=[object], source=unknown"}
{"logTime": "1007/113508", "level": "INFO", "message": "Preference changed: name=profile.content_settings.exceptions.media_engagement, new_value=[object], source=unknown"}
{"logTime": "1007/113508", "level": "INFO", "message": "Preference changed: name=language_dwell_time_average, new_value=[object], source=unknown"}
{"logTime": "1007/113508", "level": "INFO", "message": "Preference changed: name=language_usage_count, new_value=[object], source=unknown"}
{"logTime": "1007/113508", "level": "INFO", "message": "Preference changed: name=profile.content_settings.exceptions.media_engagement, new_value=[object], source=unknown"}
{"logTime": "1007/113508", "level": "INFO", "message": "Preference changed: name=sessions.session_data_status, new_value=2, source=unknown"}
{"logTime": "1007/113508", "level": "INFO", "message": "Preference changed: name=sessions.session_data_status, new_value=3, source=unknown"}
{"logTime": "1007/113539", "level": "INFO", "message": "UserPrefStore loaded: error=NONE (0)"}
{"logTime": "1007/113539", "level": "INFO", "message": "Preference changed: name=optimization_guide.previously_registered_optimization_types, new_value=[object], source=unknown"}
{"logTime": "1007/113539", "level": "INFO", "message": "Preference changed: name=extensions.chrome_url_overrides, new_value=[object], source=unknown"}
{"logTime": "1007/113539", "level": "INFO", "message": "Preference changed: name=sessions.session_data_status, new_value=1, source=unknown"}
{"logTime": "1007/113539", "level": "INFO", "message": "Preference changed: name=sessions.event_log, new_value=[object], source=unknown"}
{"logTime": "1007/113539", "level": "INFO", "message": "Preference changed: name=optimization_guide.previously_registered_optimization_types, new_value=[object], source=unknown"}
{"logTime": "1007/113539", "level": "INFO", "message": "Preference changed: name=optimization_guide.previously_registered_optimization_types, new_value=[object], source=unknown"}
{"logTime": "1007/113539", "level": "INFO", "message": "Preference changed: name=optimization_guide.previously_registered_optimization_types, new_value=[object], source=unknown"}
{"logTime": "1007/113539", "level": "INFO", "message": "Preference changed: name=optimization_guide.previously_registered_optimization_types, new_value=[object], source=unknown"}
{"logTime": "1007/113539", "level": "INFO", "message": "Preference changed: name=optimization_guide.previously_registered_optimization_types, new_value=[object], source=unknown"}
{"logTime": "1007/113539", "level": "INFO", "message": "Preference changed: name=profile.network_pbs, new_value=[object], source=unknown"}
{"logTime": "1007/113539", "level": "INFO", "message": "Preference changed: name=profile.password_hash_data_list, new_value=[object], source=unknown"}
{"logTime": "1007/113539", "level": "INFO", "message": "Preference changed: name=schedule_to_flush_to_disk, new_value=\"13435846539821630\", source=unknown"}
{"logTime": "1007/113539", "level": "INFO", "message": "Preference changed: name=schedule_to_flush_to_disk, new_value=\"13435846539822430\", source=unknown"}
{"logTime": "1007/113539", "level": "INFO", "message": "Preference changed: name=edge.services.signin_scoped_device_id, new_value=\"48b1647b-2900-43ca-99e2-05022d05d886\", source=unknown"}
{"logTime": "1007/113539", "level": "INFO", "message": "Preference changed: name=optimization_guide.previously_registered_optimization_types, new_value=[object], source=unknown"}
{"logTime": "1007/113539", "level": "INFO", "message": "Preference changed: name=extensions.chrome_url_overrides, new_value=[object], source=unknown"}
{"logTime": "1007/113539", "level": "INFO", "message": "Preference changed: name=autofill.credit_card_enabled, new_value=false, source=unknown"}
{"logTime": "1007/113539", "level": "INFO", "message": "Preference changed: name=enable_edge_collections, new_value=false, source=unknown"}
{"logTime": "1007/113539", "level": "INFO", "message": "Preference changed: name=resolve_navigation_errors_use_web_service.enabled, new_value=false, source=unknown"}
{"logTime": "1007/113539", "level": "INFO", "message": "Preference changed: name=alternate_error_pages.enabled, new_value=false, source=unknown"}
{"logTime": "1007/113539", "level": "INFO", "message": "Preference changed: name=optimization_guide.previously_registered_optimization_types, new_value=[object], source=unknown"}
{"logTime": "1007/113539", "level": "INFO", "message": "Preference changed: name=in_product_help.session_last_active_time, new_value=\"13435846539914850\", source=unknown"}
{"logTime": "1007/113539", "level": "INFO", "message": "Preference changed: name=optimization_guide.previously_registered_optimization_types, new_value=[object], source=unknown"}
{"logTime": "1007/113539", "level": "INFO", "message": "Preference changed: name=profile.content_settings.exceptions.storage_access_header_origin_trial, new_value=[object], source=unknown"}
{"logTime": "1007/113540", "level": "INFO", "message": "Preference changed: name=edge_rewards.coachmark_promotions, new_value=[object], source=unknown"}
{"logTime": "1007/113540", "level": "INFO", "message": "Preference changed: name=edge_rewards.hva_promotions, new_value=[object], source=unknown"}
{"logTime": "1007/113540", "level": "INFO", "message": "Preference changed: name=profile.content_settings.exceptions.site_engagement, new_value=[object], source=unknown"}
{"logTime": "1007/113540", "level": "INFO", "message": "Preference changed: name=profile.last_engagement_time, new_value=\"13435846540463613\", source=unknown"}
{"logTime": "1007/113540", "level": "INFO", "message": "Preference changed: name=profile.last_engagement_time, new_value=\"13435846540468415\", source=unknown"}
{"logTime": "1007/113540", "level": "INFO", "message": "Preference changed: name=language_model_counters, new_value=[object], source=unknown"}
{"logTime": "1007/113549", "level": "INFO", "message": "PrefStore write completed: store=4, success=true"}
{"logTime": "1007/113549", "level": "INFO", "message": "PrefStore write completed: store=4, success=true"}
{"logTime": "1007/113824", "level": "INFO", "message": "Preference changed: name=sessions.event_log, new_value=[object], source=unknown"}
{"logTime": "1007/113834", "level": "INFO", "message": "PrefStore write completed: store=4, success=true"}
{"logTime": "1007/114257", "level": "INFO", "message": "Preference changed: name=language_dwell_time_average, new_value=[object], source=unknown"}
{"logTime": "1007/114257", "level": "INFO", "message": "Preference changed: name=language_usage_count, new_value=[object], source=unknown"}
{"logTime": "1007/114257", "level": "INFO", "message": "Preference changed: name=language_model_counters, new_value=[object], source=unknown"}
{"logTime": "1007/114307", "level": "INFO", "message": "PrefStore write completed: store=4, success=true"}
{"logTime": "1007/115220", "level": "INFO", "message": "Preference changed: name=gaia_cookie.periodic_report_time_2, new_value=\"13435847540852128\", source=unknown"}
{"logTime": "1007/115220", "level": "INFO", "message": "Preference changed: name=commerce_daily_metrics_last_update_time, new_value=\"13435847540897818\", source=unknown"}
{"logTime": "1007/115220", "level": "INFO", "message": "Preference changed: name=muid.last_sync, new_value=\"13435847540897968\", source=unknown"}
{"logTime": "1007/115220", "level": "INFO", "message": "Preference changed: name=bookmark.storage_computation_last_update, new_value=\"13435847540898134\", source=unknown"}
{"logTime": "1007/115220", "level": "INFO", "message": "Preference changed: name=account_tracker_service_last_update, new_value=\"13435847540898191\", source=unknown"}
{"logTime": "1007/115230", "level": "INFO", "message": "PrefStore write completed: store=4, success=true"}
{"logTime": "1007/120528", "level": "INFO", "message": "Preference changed: name=profile.observed_session_time, new_value=[object], source=unknown"}
{"logTime": "1007/120538", "level": "INFO", "message": "PrefStore write completed: store=4, success=true"}
{"logTime": "1007/120903", "level": "INFO", "message": "Preference changed: name=profile.observed_session_time, new_value=[object], source=unknown"}
{"logTime": "1007/120913", "level": "INFO", "message": "PrefStore write completed: store=4, success=true"}
{"logTime": "1007/120929", "level": "INFO", "message": "Preference changed: name=profile.observed_session_time, new_value=[object], source=unknown"}
{"logTime": "1007/120937", "level": "INFO", "message": "Preference changed: name=profile.observed_session_time, new_value=[object], source=unknown"}
{"logTime": "1007/120939", "level": "INFO", "message": "PrefStore write completed: store=4, success=true"}
{"logTime": "1007/120955", "level": "INFO", "message": "Preference changed: name=in_product_help.session_last_active_time, new_value=\"13435848589991001\", source=unknown"}
{"logTime": "1007/121010", "level": "INFO", "message": "Preference changed: name=profile.observed_session_time, new_value=[object], source=unknown"}
{"logTime": "1007/121020", "level": "INFO", "message": "PrefStore write completed: store=4, success=true"}
{"logTime": "1007/121326", "level": "INFO", "message": "Preference changed: name=language_model_counters, new_value=[object], source=unknown"}
{"logTime": "1007/125647", "level": "INFO", "message": "Preference changed: name=language_model_counters, new_value=[object], source=unknown"}
{"logTime": "1007/125936", "level": "INFO", "message": "Preference changed: name=language_model_counters, new_value=[object], source=unknown"}
